well,well_type,diameter,wga_cp,raw_read_count,final_assembly_length,contig_count,max_contig_length,gc_content,coding_density,rRNA,tRNA,CDS,percent_CDS_annotated,average_CDS_length,checkm1_est_genome_completeness,translation_table,multicopy_marker_genes,classification_via_GTDBTk,1_SSU_classification,2_SSU_classification,3_SSU_classification,531/40_488,572/27_488,692/40_488,trigger_pulse_width,side_scatter,forward_scatter,probe,notes
AG-910-A01,1 cell,0.18,3.24,61589,72175,14,20059.0,24.67,91.554,0.0,2.0,75.0,17.33,725.52,2.68,11.0,0.0,0,0,0.0,0.0,17.64,2.4,6.25,12412.0,3.89,1.03,SYTO-9,
AG-910-A02,1 cell,0.24,1.77,2596242,502406,26,120161.0,33.13,96.246,2.0,21.0,510.0,72.75,924.82,40.52,11.0,0.0,d__Bacteria;p__Proteobacteria;c__Gammaproteobacteria;o__SAR86;f__TMED112;g__TMED112;s__TMED112 sp003280455,k__Bacteria;p__Proteobacteria;c__Gammaproteobacteria;o__Oceanospirillales;f__SAR86_clade;g__?;s__?,0.0,0.0,139.51,19.16,31.04,21147.0,6.36,2.21,SYTO-9,
AG-910-A03,1 cell,0.29,2.2,2514079,240410,32,24968.0,47.11,91.568,0.0,2.0,230.0,50.0,856.83,0.0,11.0,0.0,0,0,0.0,0.0,251.06,36.34,141.78,24448.0,14.88,3.54,SYTO-9,
AG-910-A04,1 cell,0.23,1.96,2648866,473338,24,111384.0,32.75,96.642,0.0,18.0,490.0,64.29,897.32,24.56,11.0,0.0,d__Bacteria;p__Actinobacteriota;c__Acidimicrobiia;o__Actinomarinales;f__Actinomarinaceae;g__Actinomarina;s__Actinomarina sp902615855,0,0.0,0.0,61.47,9.13,23.11,17575.0,8.6,1.8,SYTO-9,
AG-910-A05,1 cell,0.53,8.66,210713,4106,1,4106.0,39.89,97.808,0.0,0.0,9.0,0.0,444.0,0.0,11.0,0.0,0,0,0.0,0.0,14.74,3.17,21.99,11511.0,10.23,16.39,SYTO-9,Assembly shorter than 20kb.
AG-910-A06,1 cell,0.28,1.98,2652499,1010309,40,179684.0,29.69,96.774,0.0,23.0,1051.0,72.79,910.12,76.51,11.0,0.0,d__Bacteria;p__Proteobacteria;c__Alphaproteobacteria;o__Pelagibacterales;f__Pelagibacteraceae;g__Pelagibacter;s__Pelagibacter sp902567045,0,0.0,0.0,76.53,19.18,46.6,18191.0,16.06,3.17,SYTO-9,
AG-910-A07,1 cell,1.36,11.63,322717,0,0,,,,,,,,,,,,,,,,447.84,81.1,373.48,28110.0,36.18,180.85,SYTO-9,
AG-910-A08,1 cell,0.72,15.35,287668,0,0,,,,,,,,,,,,,,,,41.84,8.85,57.8,16517.0,186.09,35.89,SYTO-9,
AG-910-A09,1 cell,0.45,15.35,502,0,0,,,,,,,,,,,,,,,,34.7,5.14,32.36,15328.0,22.29,10.73,SYTO-9,
AG-910-A10,1 cell,0.3,2.12,3365577,942988,29,175491.0,34.18,97.001,1.0,22.0,952.0,69.33,941.67,48.94,11.0,0.0,d__Bacteria;p__Proteobacteria;c__Gammaproteobacteria;o__SAR86;f__D2472;g__CACNXK01;s__CACNXK01 sp902518715,0,0.0,0.0,166.79,22.67,57.72,22865.0,4.88,3.9,SYTO-9,
AG-910-A11,1 cell,0.24,4.01,484411,39553,7,11251.0,29.24,96.367,0.0,0.0,47.0,68.09,741.6,0.0,11.0,0.0,0,0,0.0,0.0,77.59,13.17,18.24,18249.0,4.58,2.07,SYTO-9,
AG-910-A12,No drop,,15.35,39621,0,0,,,,,,,,,,,,,,,,,,,,,,,
AG-910-A13,1 cell,0.25,2.63,487160,397105,40,25783.0,30.73,96.734,0.0,7.0,472.0,76.91,773.58,27.38,11.0,0.0,d__Bacteria;p__Proteobacteria;c__Gammaproteobacteria;o__GCA-002705445;f__GCA-002705445;g__GCA-2702235;s__GCA-2702235 sp002702235,0,0.0,0.0,97.39,16.57,34.08,20474.0,4.2,2.29,SYTO-9,
AG-910-A14,1 cell,0.33,2.24,4656716,666930,44,57873.0,32.82,95.954,1.0,15.0,685.0,68.32,899.59,32.08,11.0,0.0,d__Bacteria;p__Proteobacteria;c__Alphaproteobacteria;o__Pelagibacterales;f__AG-422-B15;g__AG-422-B15;s__,0,0.0,0.0,162.99,22.05,36.28,21744.0,3.84,4.77,SYTO-9,
AG-910-A15,1 cell,0.21,2.41,3263638,669512,32,122969.0,29.5,96.316,2.0,22.0,690.0,73.62,907.23,56.63,11.0,0.0,d__Bacteria;p__Proteobacteria;c__Alphaproteobacteria;o__Pelagibacterales;f__Pelagibacteraceae;g__Pelagibacter_A;s__Pelagibacter_A sp902542165,k__Bacteria;p__Proteobacteria;c__Alphaproteobacteria;o__SAR11_clade;f__Surface_2;g__?;s__?,0.0,0.0,24.71,2.23,17.27,15165.0,4.48,1.45,SYTO-9,
AG-910-A16,1 cell,0.21,2.38,4548819,649299,33,87176.0,32.66,95.382,3.0,21.0,693.0,62.34,855.8,45.14,11.0,0.0,d__Bacteria;p__Actinobacteriota;c__Acidimicrobiia;o__Actinomarinales;f__Actinomarinaceae;g__Actinomarina;s__Actinomarina sp003213165,k__Bacteria;p__Actinobacteria;c__Acidimicrobiia;o__Acidimicrobiales;f__OM1_clade;g__Candidatus_Actinomarina;s__?,0.0,0.0,91.57,12.57,64.05,20078.0,3.68,1.59,SYTO-9,
AG-910-A17,1 cell,0.36,2.2,2593867,932004,47,138112.0,29.68,96.538,0.0,19.0,956.0,67.05,903.12,56.63,11.0,0.0,d__Bacteria;p__Proteobacteria;c__Alphaproteobacteria;o__Pelagibacterales;f__Pelagibacteraceae;g__Pelagibacter;s__Pelagibacter sp902542235,0,0.0,0.0,113.37,17.31,67.08,20292.0,6.83,5.83,SYTO-9,
AG-910-A18,1 cell,0.18,6.78,517708,21696,7,4763.0,25.71,94.022,0.0,0.0,25.0,24.0,590.84,1.01,11.0,0.0,0,0,0.0,0.0,35.87,5.13,25.44,15577.0,2.57,1.03,SYTO-9,
AG-910-A19,1 cell,0.38,2.14,3807969,700706,41,82580.0,28.74,96.217,2.0,6.0,758.0,67.28,857.53,45.49,11.0,0.0,d__Bacteria;p__Proteobacteria;c__Alphaproteobacteria;o__HIMB59;f__GCA-002718135;g__AG-337-I02;s__AG-337-I02 sp902570155,0,0.0,0.0,206.83,25.68,70.0,24336.0,4.38,7.14,SYTO-9,
AG-910-A20,1 cell,0.34,2.34,3194924,895072,48,78645.0,53.26,88.761,0.0,13.0,841.0,54.7,913.41,19.92,11.0,0.0,d__Bacteria;p__Proteobacteria;c__Gammaproteobacteria;o__Pseudomonadales;f__HTCC2089;g__UBA4421;s__UBA4421 sp902613475,0,0.0,0.0,201.27,28.18,68.13,25010.0,17.99,5.27,SYTO-9,
AG-910-A21,1 cell,0.29,2.8,435733,273230,32,33757.0,29.08,96.714,1.0,4.0,280.0,61.43,853.45,15.44,11.0,0.0,0,0,0.0,0.0,142.62,20.5,22.5,22033.0,3.19,3.58,SYTO-9,
AG-910-A22,1 cell,0.22,2.4,3744948,775988,41,101509.0,29.78,96.711,1.0,15.0,834.0,69.78,872.07,66.05,11.0,0.0,d__Bacteria;p__Proteobacteria;c__Alphaproteobacteria;o__Pelagibacterales;f__Pelagibacteraceae;g__Pelagibacter;s__Pelagibacter sp902609685,0,0.0,0.0,107.31,16.0,29.4,19658.0,9.55,1.77,SYTO-9,
AG-910-A23,1 cell,0.18,7.19,296119,0,0,,,,,,,,,,,,,,,,20.74,3.66,19.01,12778.0,3.76,1.03,SYTO-9,
AG-910-A24,No drop,,15.35,62651,0,0,,,,,,,,,,,,,,,,,,,,,,,
AG-910-B01,No drop,,15.41,104181,0,0,,,,,,,,,,,,,,,,,,,,,,,
AG-910-B02,1 cell,1.49,15.35,68731,0,0,,,,,,,,,,,,,,,,211.27,27.07,74.05,23820.0,146.17,229.69,SYTO-9,
AG-910-B03,1 cell,0.22,1.82,2560755,550431,16,96416.0,29.9,96.64,1.0,12.0,595.0,72.77,876.54,49.4,11.0,0.0,d__Bacteria;p__Proteobacteria;c__Alphaproteobacteria;o__Pelagibacterales;f__Pelagibacteraceae;g__Pelagibacter_A;s__,0,0.0,0.0,51.64,7.43,19.56,18131.0,2.85,1.65,SYTO-9,
AG-910-B04,1 cell,0.18,2.32,2312974,170060,27,16789.0,22.89,90.834,0.0,4.0,139.0,10.07,896.84,3.2,11.0,0.0,0,0,0.0,0.0,23.05,4.09,18.15,12178.0,3.93,1.03,SYTO-9,
AG-910-B05,1 cell,0.31,1.91,2279082,1083907,29,206270.0,29.38,96.296,2.0,29.0,1138.0,71.44,900.7,93.19,11.0,0.0,d__Bacteria;p__Proteobacteria;c__Alphaproteobacteria;o__Pelagibacterales;f__Pelagibacteraceae;g__Pelagibacter;s__Pelagibacter sp902573465,k__Bacteria;p__Proteobacteria;c__Alphaproteobacteria;o__SAR11_clade;f__Surface_1;g__?;s__?,0.0,0.0,143.83,25.04,45.32,22102.0,4.08,4.0,SYTO-9,
AG-910-B06,1 cell,0.18,8.4,191374,0,0,,,,,,,,,,,,,,,,12.39,2.07,4.04,9579.0,3.03,1.03,SYTO-9,
AG-910-B07,1 cell,0.23,2.3,3251804,751372,42,109892.0,30.67,95.736,3.0,19.0,815.0,67.61,859.25,61.28,11.0,0.0,d__Bacteria;p__Proteobacteria;c__Alphaproteobacteria;o__HIMB59;f__HIMB59;g__HIMB59;s__HIMB59 sp902616855,k__Bacteria;p__Proteobacteria;c__Alphaproteobacteria;o__Rhodospirillales;f__Rhodospirillaceae;g__AEGEAN-169_marine_group;s__?,0.0,0.0,130.86,14.68,55.75,22595.0,4.21,1.8,SYTO-9,
AG-910-B08,1 cell,0.36,2.59,692324,487599,27,154566.0,30.67,96.325,0.0,12.0,441.0,59.64,1022.44,34.48,11.0,0.0,d__Bacteria;p__Bacteroidota;c__Bacteroidia;o__Flavobacteriales;f__Flavobacteriaceae;g__GCA-2862715;s__GCA-2862715 sp002862715,0,0.0,0.0,160.26,18.92,57.89,22760.0,11.8,6.1,SYTO-9,
AG-910-B09,1 cell,0.85,48059.07,315020,0,0,,,,,,,,,,,,,,,,289.43,67.73,316.45,24449.0,40.73,53.82,SYTO-9,
AG-910-B10,1 cell,0.31,2.19,2943516,906875,39,139200.0,29.53,96.769,0.0,19.0,955.0,69.84,893.87,75.87,11.0,0.0,d__Bacteria;p__Proteobacteria;c__Alphaproteobacteria;o__Pelagibacterales;f__Pelagibacteraceae;g__Pelagibacter;s__Pelagibacter sp902586495,0,0.0,0.0,150.7,23.06,108.75,23202.0,5.32,4.12,SYTO-9,
AG-910-B11,1 cell,0.39,2.08,4281264,1212954,39,158981.0,35.85,96.118,0.0,25.0,1242.0,68.84,924.34,59.1,11.0,0.0,d__Bacteria;p__Proteobacteria;c__Gammaproteobacteria;o__SAR86;f__SAR86;g__GCA-2707915;s__GCA-2707915 sp902620785,0,0.0,0.0,188.06,30.51,41.21,25145.0,8.48,7.57,SYTO-9,
AG-910-B12,No drop,,15.35,65,0,0,,,,,,,,,,,,,,,,,,,,,,,
AG-910-B13,1 cell,0.29,2.33,3068083,563096,29,64940.0,29.77,96.616,0.0,15.0,597.0,72.19,879.85,43.02,11.0,0.0,d__Bacteria;p__Proteobacteria;c__Alphaproteobacteria;o__Pelagibacterales;f__Pelagibacteraceae;g__Pelagibacter;s__,0,0.0,0.0,68.0,10.59,39.63,18580.0,5.47,3.47,SYTO-9,
AG-910-B14,1 cell,0.28,2.06,3103707,937222,32,116548.0,32.17,96.411,0.0,27.0,971.0,69.82,915.84,50.67,11.0,0.0,d__Bacteria;p__Proteobacteria;c__Gammaproteobacteria;o__SAR86;f__D2472;g__SAR86A;s__SAR86A sp004212975,0,0.0,0.0,138.33,19.2,28.4,21921.0,3.39,3.12,SYTO-9,
AG-910-B15,1 cell,0.32,2.38,544440,163899,11,66783.0,30.46,95.827,0.0,5.0,160.0,73.75,935.0,11.42,11.0,0.0,d__Bacteria;p__Proteobacteria;c__Alphaproteobacteria;o__Pelagibacterales;f__Pelagibacteraceae;g__Pelagibacter;s__Pelagibacter sp003209915,0,0.0,0.0,91.17,13.35,59.81,19473.0,4.92,4.46,SYTO-9,
AG-910-B16,1 cell,0.27,2.05,2981968,869131,44,136879.0,29.71,96.208,2.0,22.0,911.0,70.47,893.71,70.0,11.0,0.0,d__Bacteria;p__Proteobacteria;c__Alphaproteobacteria;o__Pelagibacterales;f__Pelagibacteraceae;g__Pelagibacter;s__Pelagibacter sp902615145,0,0.0,0.0,209.34,29.49,65.12,23450.0,10.87,2.82,SYTO-9,
AG-910-B17,1 cell,0.26,2.25,3534829,431617,14,88427.0,29.54,95.841,3.0,13.0,452.0,73.89,900.94,38.57,11.0,0.0,d__Bacteria;p__Proteobacteria;c__Alphaproteobacteria;o__Pelagibacterales;f__Pelagibacteraceae;g__Pelagibacter;s__Pelagibacter sp902560185,k__Bacteria;p__Proteobacteria;c__Alphaproteobacteria;o__SAR11_clade;f__Surface_1;g__?;s__?,0.0,0.0,43.0,7.42,37.8,18164.0,7.33,2.52,SYTO-9,
AG-910-B18,1 cell,0.36,15.35,86,0,0,,,,,,,,,,,,,,,,23.47,9.82,29.98,13140.0,14.04,5.83,SYTO-9,
AG-910-B19,1 cell,1.84,15.35,121,0,0,,,,,,,,,,,,,,,,201.83,33.84,155.89,23723.0,333.76,394.41,SYTO-9,
AG-910-B20,1 cell,0.78,2.1,3931038,1258534,49,309263.0,31.67,91.749,2.0,29.0,1400.0,58.21,805.19,83.06,11.0,0.0,d__Bacteria;p__Cyanobacteria;c__Cyanobacteriia;o__PCC-6307;f__Cyanobiaceae;g__Prochlorococcus_A;s__Prochlorococcus_A sp000634515,0,0.0,0.0,203.83,29.56,114.03,23346.0,16.58,43.17,SYTO-9,
AG-910-B21,1 cell,0.62,1.9,4489227,1930694,61,375705.0,31.2,91.887,3.0,24.0,1856.0,64.71,938.97,75.14,11.0,0.0,d__Bacteria;p__Proteobacteria;c__Alphaproteobacteria;o__Rhodobacterales;f__Rhodobacteraceae;g__CACIIZ01;s__CACIIZ01 sp902573735,k__Bacteria;p__Proteobacteria;c__Alphaproteobacteria;o__Rhodobacterales;f__Rhodobacteraceae;g__?;s__?,0.0,0.0,240.16,36.14,80.48,24438.0,35.51,23.81,SYTO-9,
AG-910-B22,1 cell,0.27,1.96,3705734,557781,25,125084.0,31.12,96.971,0.0,12.0,565.0,69.91,936.07,46.79,11.0,0.0,d__Bacteria;p__Proteobacteria;c__Alphaproteobacteria;o__HIMB59;f__HIMB59;g__HIMB59;s__HIMB59 sp902546975,0,0.0,0.0,80.29,16.69,22.59,18951.0,12.93,2.92,SYTO-9,
AG-910-B23,1 cell,0.2,2.12,2620191,295639,17,122178.0,29.25,97.222,0.0,7.0,301.0,68.44,918.33,37.74,11.0,0.0,d__Bacteria;p__Proteobacteria;c__Alphaproteobacteria;o__Pelagibacterales;f__Pelagibacteraceae;g__Pelagibacter;s__Pelagibacter sp003210095,0,0.0,0.0,57.5,9.42,24.27,16668.0,4.46,1.36,SYTO-9,
AG-910-B24,No drop,,9.75,109574,2199,1,2199.0,68.89,88.54,0.0,0.0,3.0,0.0,627.0,0.0,11.0,0.0,0,0,0.0,0.0,,,,,,,,Assembly shorter than 20kb.
AG-910-C01,No drop,,12.07,68369,0,0,,,,,,,,,,,,,,,,,,,,,,,
AG-910-C02,1 cell,0.3,1.75,2274341,936322,24,204747.0,34.8,96.862,2.0,28.0,959.0,70.7,935.34,66.2,11.0,0.0,d__Bacteria;p__Proteobacteria;c__Gammaproteobacteria;o__SAR86;f__TMED112;g__TMED112;s__TMED112 sp902610995,k__Bacteria;p__Proteobacteria;c__Gammaproteobacteria;o__Oceanospirillales;f__SAR86_clade;g__?;s__?,0.0,0.0,267.45,31.15,82.63,24631.0,9.48,3.67,SYTO-9,
AG-910-C03,1 cell,0.24,1.99,2657708,775227,27,113788.0,29.44,96.379,3.0,26.0,821.0,73.93,890.02,62.26,11.0,0.0,d__Bacteria;p__Proteobacteria;c__Alphaproteobacteria;o__Pelagibacterales;f__Pelagibacteraceae;g__MED727;s__MED727 sp902573835,k__Bacteria;p__Proteobacteria;c__Alphaproteobacteria;o__SAR11_clade;f__Surface_3;g__?;s__?,0.0,0.0,43.28,10.3,30.18,15620.0,3.73,2.13,SYTO-9,
AG-910-C04,1 cell,0.2,2829.09,81745,2311,1,2311.0,65.3,81.393,0.0,0.0,2.0,100.0,917.0,0.0,11.0,0.0,0,0,0.0,0.0,87.43,7.62,37.43,19375.0,13.12,1.34,SYTO-9,Assembly shorter than 20kb.
AG-910-C05,1 cell,0.58,2.55,122032,178419,14,29431.0,53.92,79.313,0.0,4.0,186.0,32.8,734.42,0.0,11.0,0.0,0,0,0.0,0.0,390.77,47.72,128.35,27016.0,31.6,20.23,SYTO-9,
AG-910-C06,1 cell,0.23,2.38,3136562,846272,36,99673.0,29.71,96.292,3.0,22.0,885.0,73.67,897.57,60.69,11.0,0.0,d__Bacteria;p__Proteobacteria;c__Alphaproteobacteria;o__Pelagibacterales;f__Pelagibacteraceae;g__CACNRH01;s__CACNRH01 sp902573865,k__Bacteria;p__Proteobacteria;c__Alphaproteobacteria;o__SAR11_clade;f__?;g__?;s__?,0.0,0.0,72.92,8.16,41.09,19667.0,10.38,2.0,SYTO-9,
AG-910-C07,1 cell,0.64,2.04,2607916,1073833,58,91036.0,31.55,91.467,1.0,24.0,1258.0,55.8,762.8,64.75,11.0,0.0,d__Bacteria;p__Cyanobacteria;c__Cyanobacteriia;o__PCC-6307;f__Cyanobiaceae;g__Prochlorococcus_A;s__Prochlorococcus_A sp000634735,0,0.0,0.0,253.08,40.34,79.19,24164.0,19.75,25.82,SYTO-9,
AG-910-C08,1 cell,0.21,2.1,2542207,777311,26,159135.0,29.21,96.9,1.0,16.0,851.0,71.8,871.84,78.68,11.0,1.0,d__Bacteria;p__Proteobacteria;c__Alphaproteobacteria;o__Pelagibacterales;f__Pelagibacteraceae;g__GCA-002704185;s__GCA-002704185 sp003280495,0,0.0,0.0,29.7,4.66,11.61,13313.0,5.39,1.56,SYTO-9,
AG-910-C09,1 cell,0.67,15.35,264121,0,0,,,,,,,,,,,,,,,,194.13,25.15,83.77,22868.0,16.26,29.11,SYTO-9,
AG-910-C10,1 cell,0.18,15.35,248205,0,0,,,,,,,,,,,,,,,,17.4,4.63,18.3,12570.0,10.12,1.03,SYTO-9,
AG-910-C11,1 cell,0.28,2.09,3090071,620759,20,203788.0,29.47,96.341,3.0,14.0,634.0,76.81,924.64,76.54,11.0,0.0,d__Bacteria;p__Proteobacteria;c__Alphaproteobacteria;o__Pelagibacterales;f__Pelagibacteraceae;g__Pelagibacter_A;s__Pelagibacter_A sp902573905,k__Bacteria;p__Proteobacteria;c__Alphaproteobacteria;o__SAR11_clade;f__Surface_2;g__?;s__?,0.0,0.0,70.05,8.05,31.94,18100.0,6.45,3.15,SYTO-9,
AG-910-C12,No drop,,15.35,442904,0,0,,,,,,,,,,,,,,,,,,,,,,,
AG-910-C13,1 cell,0.22,5.73,441315,15408,5,4714.0,28.67,96.502,0.0,0.0,17.0,64.71,772.29,0.94,11.0,0.0,0,0,0.0,0.0,113.88,14.83,33.44,21792.0,11.44,1.71,SYTO-9,Assembly shorter than 20kb.
AG-910-C14,1 cell,0.3,2.23,3281944,965881,37,169728.0,29.08,97.107,0.0,21.0,1040.0,70.67,887.26,72.4,11.0,0.0,d__Bacteria;p__Proteobacteria;c__Alphaproteobacteria;o__Pelagibacterales;f__Pelagibacteraceae;g__Pelagibacter;s__Pelagibacter sp902596325,0,0.0,0.0,156.52,26.26,86.26,22549.0,4.58,3.87,SYTO-9,
AG-910-C15,1 cell,0.21,2.26,4198395,574514,29,101798.0,33.22,96.52,0.0,17.0,621.0,74.24,875.68,22.89,11.0,0.0,d__Bacteria;p__Proteobacteria;c__Alphaproteobacteria;o__Pelagibacterales;f__AG-422-B15;g__AG-422-B15;s__AG-422-B15 sp902619105,0,0.0,0.0,86.62,12.44,20.82,19395.0,5.67,1.43,SYTO-9,
AG-910-C16,1 cell,0.25,2.38,3563858,796357,33,257351.0,29.84,96.504,3.0,21.0,816.0,73.77,905.36,79.94,11.0,0.0,d__Bacteria;p__Proteobacteria;c__Alphaproteobacteria;o__Pelagibacterales;f__Pelagibacteraceae;g__Pelagibacter_A;s__Pelagibacter_A sp902573985,k__Bacteria;p__Proteobacteria;c__Alphaproteobacteria;o__SAR11_clade;f__?;g__?;s__?,0.0,0.0,75.18,9.03,37.48,18240.0,12.26,2.28,SYTO-9,
AG-910-C17,1 cell,0.28,2.1,2707175,797338,39,95968.0,28.79,96.917,1.0,23.0,812.0,69.7,918.23,64.46,11.0,0.0,d__Bacteria;p__Proteobacteria;c__Alphaproteobacteria;o__Pelagibacterales;f__Pelagibacteraceae;g__Pelagibacter;s__,0,0.0,0.0,73.24,14.67,38.02,18526.0,8.52,3.13,SYTO-9,
AG-910-C18,1 cell,0.33,2.15,3300474,979531,32,268683.0,29.54,96.44,1.0,22.0,1040.0,70.58,893.8,79.52,11.0,0.0,d__Bacteria;p__Proteobacteria;c__Alphaproteobacteria;o__Pelagibacterales;f__Pelagibacteraceae;g__Pelagibacter;s__Pelagibacter sp902582605,0,0.0,0.0,130.53,20.13,95.67,21206.0,8.72,4.73,SYTO-9,
AG-910-C19,1 cell,2.78,15.35,335453,4397,2,2368.0,63.04,83.443,0.0,0.0,6.0,66.67,533.5,0.0,11.0,0.0,0,0,0.0,0.0,1173.6,269.11,1313.43,31577.0,820.24,1141.55,SYTO-9,Assembly shorter than 20kb.
AG-910-C20,1 cell,0.33,2.32,2815328,629775,49,42242.0,29.0,96.868,0.0,17.0,654.0,75.69,896.17,33.57,11.0,0.0,d__Bacteria;p__Proteobacteria;c__Alphaproteobacteria;o__HIMB59;f__GCA-002718135;g__AG-337-I02;s__,0,0.0,0.0,125.04,21.58,52.48,20499.0,6.7,4.91,SYTO-9,
AG-910-C21,1 cell,0.31,2.42,2412182,760540,53,70320.0,29.63,96.077,3.0,20.0,793.0,70.87,870.92,65.38,11.0,0.0,d__Bacteria;p__Proteobacteria;c__Alphaproteobacteria;o__Pelagibacterales;f__Pelagibacteraceae;g__Pelagibacter;s__Pelagibacter sp902537665,k__Bacteria;p__Proteobacteria;c__Alphaproteobacteria;o__SAR11_clade;f__Surface_1;g__?;s__?,0.0,0.0,72.52,9.95,48.73,18047.0,3.57,4.11,SYTO-9,
AG-910-C22,1 cell,0.18,8.11,451587,3251,1,3251.0,37.8,90.618,0.0,0.0,2.0,100.0,1461.5,0.0,11.0,0.0,0,0,0.0,0.0,15.78,3.52,4.54,11768.0,2.34,1.03,SYTO-9,Assembly shorter than 20kb.
AG-910-C23,1 cell,0.26,2.15,3307415,404089,30,73104.0,32.95,97.119,0.0,14.0,406.0,69.95,914.28,31.98,11.0,0.0,d__Bacteria;p__Proteobacteria;c__Gammaproteobacteria;o__SAR86;f__TMED112;g__TMED112;s__TMED112 sp003280455,0,0.0,0.0,108.92,16.9,43.89,20917.0,3.86,2.57,SYTO-9,
AG-910-C24,No drop,,15.35,5511,0,0,,,,,,,,,,,,,,,,,,,,,,,
AG-910-D01,No drop,,15.35,94612,3215,1,3215.0,63.89,90.793,0.0,0.0,6.0,33.33,505.5,0.0,11.0,0.0,0,0,0.0,0.0,,,,,,,,Assembly shorter than 20kb.
AG-910-D02,1 cell,0.99,15.35,210511,2625,1,2625.0,61.68,79.619,0.0,0.0,3.0,0.0,518.0,0.0,11.0,0.0,0,0,0.0,0.0,463.01,116.54,429.29,26663.0,97.45,80.36,SYTO-9,Assembly shorter than 20kb.
AG-910-D03,1 cell,0.22,2.23,2477303,127585,6,56880.0,28.92,93.727,3.0,0.0,127.0,58.27,922.72,10.91,11.0,0.0,0,k__Bacteria;p__Actinobacteria;c__Acidimicrobiia;o__Acidimicrobiales;f__OM1_clade;g__Candidatus_Actinomarina;s__?,0.0,0.0,64.35,10.03,36.58,17900.0,15.97,1.61,SYTO-9,
AG-910-D04,1 cell,0.23,3.67,203433,29828,5,11096.0,30.16,95.424,0.0,0.0,33.0,75.76,771.09,0.0,11.0,0.0,0,0,0.0,0.0,123.73,17.84,73.44,21216.0,1.66,1.97,SYTO-9,
AG-910-D05,1 cell,0.41,2.6,218494,205834,22,33791.0,28.57,96.2,0.0,5.0,217.0,66.82,840.18,4.17,11.0,0.0,0,0,0.0,0.0,302.58,37.65,50.01,25451.0,6.78,8.56,SYTO-9,
AG-910-D06,1 cell,0.26,3.94,428477,37764,6,9679.0,28.95,98.287,0.0,0.0,42.0,64.29,821.64,5.66,11.0,0.0,0,0,0.0,0.0,146.27,23.44,51.38,21893.0,9.71,2.66,SYTO-9,
AG-910-D07,1 cell,0.29,2.1,4398269,836198,37,133919.0,29.17,96.709,0.0,18.0,869.0,68.01,915.66,53.63,11.0,0.0,d__Bacteria;p__Proteobacteria;c__Alphaproteobacteria;o__Pelagibacterales;f__Pelagibacteraceae;g__Pelagibacter;s__,0,0.0,0.0,68.01,10.66,52.74,17547.0,7.49,3.39,SYTO-9,
AG-910-D08,1 cell,0.19,2.89,692580,116584,7,43933.0,36.22,95.61,0.0,0.0,163.0,7.98,664.54,0.0,11.0,0.0,0,0,0.0,0.0,19.12,1.2,5.89,14530.0,2.54,1.22,SYTO-9,
AG-910-D09,1 cell,0.34,2.28,2965714,758343,38,106645.0,35.72,96.197,0.0,19.0,772.0,76.17,921.62,45.95,11.0,1.0,d__Bacteria;p__Proteobacteria;c__Gammaproteobacteria;o__SAR86;f__SAR86;g__GCA-2707915;s__GCA-2707915 sp902620785,0,0.0,0.0,276.32,36.19,71.02,24492.0,5.41,5.27,SYTO-9,
AG-910-D10,1 cell,0.23,10.96,201254,9326,3,3406.0,67.0,95.057,0.0,0.0,7.0,42.86,960.29,0.0,11.0,0.0,0,0,0.0,0.0,11.25,2.44,2.28,10316.0,1.21,1.82,SYTO-9,Assembly shorter than 20kb.
AG-910-D11,1 cell,0.27,2.13,2872879,364927,18,130699.0,30.28,97.059,1.0,4.0,389.0,74.29,893.04,39.62,11.0,0.0,d__Bacteria;p__Proteobacteria;c__Alphaproteobacteria;o__Pelagibacterales;f__Pelagibacteraceae;g__Pelagibacter_A;s__Pelagibacter_A sp902585045,0,0.0,0.0,72.23,9.16,55.48,21046.0,6.76,2.98,SYTO-9,
AG-910-D12,No drop,,15.38,277497,0,0,,,,,,,,,,,,,,,,,,,,,,,
AG-910-D13,1 cell,0.3,2.12,3006142,1117975,51,115089.0,31.74,96.662,0.0,26.0,1191.0,71.28,882.51,80.72,11.0,0.0,d__Bacteria;p__Proteobacteria;c__Alphaproteobacteria;o__HIMB59;f__HIMB59;g__HIMB59;s__,0,0.0,0.0,144.58,20.48,64.83,21037.0,6.34,3.68,SYTO-9,
AG-910-D14,1 cell,0.26,4.41,487345,82042,16,11577.0,30.04,96.241,0.0,2.0,95.0,67.37,703.49,3.77,11.0,0.0,0,0,0.0,0.0,56.31,11.74,53.97,18010.0,9.4,2.53,SYTO-9,
AG-910-D15,1 cell,0.18,15.35,352747,0,0,,,,,,,,,,,,,,,,10.74,2.47,1.22,8005.0,1.58,1.03,SYTO-9,
AG-910-D16,1 cell,0.18,9.58,374390,0,0,,,,,,,,,,,,,,,,18.95,4.96,16.87,13617.0,5.54,1.03,SYTO-9,
AG-910-D17,1 cell,0.2,2.57,614966,357657,24,33523.0,30.09,95.35,3.0,16.0,358.0,74.58,909.58,29.25,11.0,0.0,d__Bacteria;p__Proteobacteria;c__Alphaproteobacteria;o__Pelagibacterales;f__Pelagibacteraceae;g__Pelagibacter_A;s__,k__Bacteria;p__Proteobacteria;c__Alphaproteobacteria;o__SAR11_clade;f__?;g__?;s__?,0.0,0.0,37.84,5.96,5.65,15671.0,5.1,1.39,SYTO-9,
AG-910-D18,1 cell,0.26,2.52,3357525,722521,43,125364.0,29.4,96.086,2.0,16.0,746.0,70.11,893.5,63.25,11.0,0.0,d__Bacteria;p__Proteobacteria;c__Alphaproteobacteria;o__Pelagibacterales;f__Pelagibacteraceae;g__Pelagibacter;s__Pelagibacter sp902635685,k__Bacteria;p__Proteobacteria;c__Alphaproteobacteria;o__SAR11_clade;f__Surface_1;g__?;s__?,0.0,0.0,64.98,10.41,60.73,17399.0,16.14,2.63,SYTO-9,
AG-910-D19,1 cell,0.27,1.98,4465319,731037,21,85112.0,31.34,90.583,0.0,15.0,804.0,54.35,806.15,44.66,11.0,0.0,d__Bacteria;p__Cyanobacteria;c__Cyanobacteriia;o__PCC-6307;f__Cyanobiaceae;g__Prochlorococcus_A;s__,0,0.0,0.0,70.78,8.29,42.84,21316.0,5.46,2.82,SYTO-9,
AG-910-D20,1 cell,0.28,2.21,3209738,585711,43,53346.0,32.62,96.612,0.0,9.0,599.0,70.45,884.92,32.08,11.0,0.0,d__Bacteria;p__Proteobacteria;c__Alphaproteobacteria;o__Pelagibacterales;f__AG-422-B15;g__AG-422-B15;s__AG-422-B15 sp902526005,0,0.0,0.0,147.41,20.15,29.09,22432.0,5.86,3.13,SYTO-9,
AG-910-D21,1 cell,0.25,2.56,257892,292101,19,47863.0,36.85,94.709,3.0,5.0,302.0,64.57,871.07,12.23,11.0,0.0,d__Bacteria;p__Proteobacteria;c__Gammaproteobacteria;o__SAR86;f__AG-339-G14;g__CACNYO01;s__CACNYO01 sp902596665,k__Bacteria;p__Proteobacteria;c__Gammaproteobacteria;o__Oceanospirillales;f__SAR86_clade;g__?;s__?,0.0,0.0,106.26,18.11,48.32,21917.0,4.3,2.31,SYTO-9,
AG-910-D22,1 cell,0.6,2.52,3659997,562821,44,60127.0,53.76,88.27,3.0,12.0,557.0,50.45,866.19,0.0,11.0,0.0,0,k__Bacteria;p__Proteobacteria;c__Alphaproteobacteria;o__Rickettsiales;f__SAR116_clade;g__?;s__?,0.0,0.0,266.96,53.85,155.43,25152.0,27.75,22.48,SYTO-9,
AG-910-D23,1 cell,0.22,581.15,536418,0,0,,,,,,,,,,,,,,,,28.44,6.52,6.82,15124.0,9.44,1.72,SYTO-9,
AG-910-D24,No drop,,6.55,708752,0,0,,,,,,,,,,,,,,,,,,,,,,,
AG-910-E01,No drop,,10.35,55044,0,0,,,,,,,,,,,,,,,,,,,,,,,
AG-910-E02,1 cell,0.26,2.31,2441816,597708,34,61905.0,30.36,95.585,0.0,18.0,629.0,63.91,881.55,33.87,11.0,0.0,d__Bacteria;p__Proteobacteria;c__Alphaproteobacteria;o__TMED127;f__TMED127;g__GCA-2691245;s__,0,0.0,0.0,73.43,12.48,78.13,18092.0,6.76,2.71,SYTO-9,
AG-910-E03,1 cell,0.24,2.04,2408120,773265,46,128638.0,29.38,96.135,3.0,18.0,817.0,69.4,872.56,52.83,11.0,0.0,d__Bacteria;p__Proteobacteria;c__Alphaproteobacteria;o__Pelagibacterales;f__Pelagibacteraceae;g__Pelagibacter;s__Pelagibacter sp902596515,k__Bacteria;p__Proteobacteria;c__Alphaproteobacteria;o__SAR11_clade;f__Surface_1;g__?;s__?,0.0,0.0,130.3,17.25,84.14,21192.0,7.75,2.04,SYTO-9,
AG-910-E04,1 cell,0.3,1.85,2577773,976784,26,219684.0,30.14,96.513,0.0,23.0,1040.0,70.29,891.13,78.1,11.0,0.0,d__Bacteria;p__Proteobacteria;c__Alphaproteobacteria;o__Pelagibacterales;f__Pelagibacteraceae;g__Pelagibacter;s__,0,0.0,0.0,86.34,17.17,15.73,18643.0,8.79,3.66,SYTO-9,
AG-910-E05,1 cell,0.18,2.5,2365527,268869,27,44129.0,26.28,94.817,0.0,5.0,307.0,10.75,772.33,2.76,11.0,0.0,0,0,0.0,0.0,28.29,2.57,10.82,15988.0,8.29,1.03,SYTO-9,
AG-910-E06,1 cell,0.27,2.04,2539795,727043,32,178327.0,30.25,95.92,3.0,20.0,761.0,68.73,884.38,56.6,11.0,0.0,d__Bacteria;p__Proteobacteria;c__Alphaproteobacteria;o__Pelagibacterales;f__Pelagibacteraceae;g__Pelagibacter;s__Pelagibacter sp003209915,k__Bacteria;p__Proteobacteria;c__Alphaproteobacteria;o__SAR11_clade;f__Surface_1;g__?;s__?,0.0,0.0,185.02,27.17,32.97,23416.0,4.68,2.8,SYTO-9,
AG-910-E07,1 cell,0.53,15.35,254098,0,0,,,,,,,,,,,,,,,,17.82,5.85,20.21,11991.0,35.07,16.07,SYTO-9,
AG-910-E08,1 cell,0.42,3.13,664669,18905,3,10956.0,30.98,81.571,0.0,0.0,29.0,17.24,493.07,0.0,11.0,0.0,0,0,0.0,0.0,20.16,3.04,18.31,12585.0,5.08,8.79,SYTO-9,Assembly shorter than 20kb.
AG-910-E09,1 cell,0.23,2.11,2494054,774839,37,151086.0,29.9,96.585,0.0,13.0,808.0,68.69,904.11,50.0,11.0,0.0,d__Bacteria;p__Proteobacteria;c__Alphaproteobacteria;o__Pelagibacterales;f__Pelagibacteraceae;g__Pelagibacter;s__Pelagibacter sp902560185,0,0.0,0.0,71.53,10.01,52.73,19306.0,11.67,1.93,SYTO-9,
AG-910-E10,1 cell,0.56,2.02,2558512,1247571,46,148843.0,31.4,91.577,3.0,29.0,1399.0,58.33,799.36,83.87,11.0,0.0,d__Bacteria;p__Cyanobacteria;c__Cyanobacteriia;o__PCC-6307;f__Cyanobiaceae;g__Prochlorococcus_A;s__Prochlorococcus_A sp001989455,k__Bacteria;p__Cyanobacteria;c__Oxyphotobacteria;o__Synechococcales;f__Synechococcaceae;g__Prochlorococcus;s__?,0.0,0.0,185.62,23.47,46.69,23294.0,15.52,18.86,SYTO-9,
AG-910-E11,1 cell,0.21,15.35,175552,0,0,,,,,,,,,,,,,,,,25.75,5.62,17.6,14358.0,9.66,1.42,SYTO-9,
AG-910-E12,No drop,,10.99,293241,0,0,,,,,,,,,,,,,,,,,,,,,,,
AG-910-E13,1 cell,0.25,2.21,2690349,508883,24,122220.0,29.78,96.109,2.0,20.0,535.0,71.78,892.8,49.04,11.0,0.0,d__Bacteria;p__Proteobacteria;c__Alphaproteobacteria;o__Pelagibacterales;f__Pelagibacteraceae;g__Pelagibacter_A;s__Pelagibacter_A sp902590505,k__Bacteria;p__Proteobacteria;c__Alphaproteobacteria;o__SAR11_clade;f__?;g__?;s__?,0.0,0.0,65.16,8.57,18.19,17081.0,13.59,2.35,SYTO-9,
AG-910-E14,1 cell,0.31,2.45,3079712,405011,34,49234.0,49.14,83.811,0.0,9.0,448.0,38.84,737.22,0.0,11.0,0.0,0,0,0.0,0.0,193.85,28.95,109.52,39631.0,4.97,4.05,SYTO-9,
AG-910-E15,1 cell,0.18,10.28,371695,0,0,,,,,,,,,,,,,,,,25.07,5.73,15.61,13458.0,6.33,1.03,SYTO-9,
AG-910-E16,1 cell,0.26,3.44,300927,63596,12,15370.0,27.71,95.346,0.0,4.0,68.0,61.76,817.82,0.0,11.0,0.0,0,0,0.0,0.0,84.16,12.12,46.04,18467.0,4.41,2.5,SYTO-9,
AG-910-E17,1 cell,0.19,31.72,511675,0,0,,,,,,,,,,,,,,,,24.37,4.11,25.66,12962.0,5.47,1.19,SYTO-9,
AG-910-E18,1 cell,0.24,3.26,661640,103672,11,15770.0,27.8,95.05,0.0,6.0,124.0,62.9,766.76,0.0,11.0,0.0,0,0,0.0,0.0,156.96,22.21,56.74,22052.0,7.1,2.13,SYTO-9,
AG-910-E19,1 cell,0.41,1.97,2535360,1417766,75,125487.0,30.26,95.616,0.0,15.0,1177.0,52.17,1077.14,51.97,11.0,0.0,d__Bacteria;p__Bacteroidota;c__Bacteroidia;o__Flavobacteriales;f__UBA10066;g__MED-G20;s__MED-G20 sp002691605,0,0.0,0.0,173.87,20.3,21.79,23004.0,5.94,8.4,SYTO-9,
AG-910-E20,1 cell,0.28,1.92,3064395,960378,41,141655.0,29.59,96.338,3.0,22.0,996.0,70.08,904.6,46.82,11.0,0.0,d__Bacteria;p__Proteobacteria;c__Alphaproteobacteria;o__Pelagibacterales;f__Pelagibacteraceae;g__Pelagibacter;s__Pelagibacter sp002101295,k__Bacteria;p__Proteobacteria;c__Alphaproteobacteria;o__SAR11_clade;f__Surface_1;g__?;s__?,0.0,0.0,94.25,12.93,31.49,19584.0,9.53,3.04,SYTO-9,
AG-910-E21,1 cell,0.23,1.9,3312424,1040154,31,125446.0,29.28,96.583,3.0,24.0,1084.0,68.91,909.26,83.24,11.0,0.0,d__Bacteria;p__Proteobacteria;c__Alphaproteobacteria;o__Pelagibacterales;f__Pelagibacteraceae;g__Pelagibacter;s__Pelagibacter sp902574685,k__Bacteria;p__Proteobacteria;c__Alphaproteobacteria;o__SAR11_clade;f__Surface_1;g__?;s__?,0.0,0.0,101.77,18.62,21.61,19414.0,2.03,1.84,SYTO-9,
AG-910-E22,1 cell,0.4,1.91,2497121,1108306,61,104893.0,31.95,93.532,3.0,15.0,1112.0,70.14,910.86,37.93,11.0,0.0,d__Bacteria;p__Proteobacteria;c__Alphaproteobacteria;o__Puniceispirillales;f__AAA536-G10;g__AAA536-G10;s__AAA536-G10 sp003282435,k__Bacteria;p__Proteobacteria;c__Alphaproteobacteria;o__Rickettsiales;f__SAR116_clade;g__?;s__?,0.0,0.0,228.18,31.64,78.81,23462.0,2.84,7.97,SYTO-9,
AG-910-E23,1 cell,0.46,1.97,3241728,963957,50,110748.0,28.75,95.997,2.0,15.0,988.0,69.64,902.04,64.15,11.0,0.0,d__Bacteria;p__Proteobacteria;c__Alphaproteobacteria;o__HIMB59;f__GCA-002718135;g__AG-337-I02;s__AG-337-I02 sp902621855,0,0.0,0.0,330.26,44.58,52.04,25935.0,6.88,11.0,SYTO-9,
AG-910-E24,No drop,,8.55,116910,0,0,,,,,,,,,,,,,,,,,,,,,,,
AG-910-F01,No drop,,15.35,53363,0,0,,,,,,,,,,,,,,,,,,,,,,,
AG-910-F02,1 cell,0.42,2.98,204474,131299,15,21594.0,31.22,94.455,0.0,3.0,121.0,52.07,880.01,5.45,11.0,0.0,0,0,0.0,0.0,180.73,24.9,32.01,22651.0,5.58,8.86,SYTO-9,
AG-910-F03,1 cell,0.3,2.41,2167098,964520,38,128701.0,29.44,96.346,3.0,24.0,1027.0,69.62,887.67,78.64,11.0,0.0,d__Bacteria;p__Proteobacteria;c__Alphaproteobacteria;o__Pelagibacterales;f__Pelagibacteraceae;g__Pelagibacter;s__Pelagibacter sp902621345,k__Bacteria;p__Proteobacteria;c__Alphaproteobacteria;o__SAR11_clade;f__Surface_1;g__?;s__?,0.0,0.0,216.13,26.22,47.32,23333.0,9.94,3.69,SYTO-9,
AG-910-F04,1 cell,0.5,2.94,159579,204076,26,21625.0,30.5,94.825,3.0,7.0,191.0,72.25,932.93,0.0,11.0,0.0,0,k__Bacteria;p__Proteobacteria;c__Alphaproteobacteria;o__Rhodospirillales;f__Rhodospirillaceae;g__AEGEAN-169_marine_group;s__?,0.0,0.0,453.03,54.88,117.28,27673.0,13.29,13.64,SYTO-9,
AG-910-F05,1 cell,0.33,2.13,2686329,939643,22,209526.0,34.14,96.218,3.0,30.0,966.0,70.29,918.86,49.78,11.0,0.0,d__Bacteria;p__Proteobacteria;c__Gammaproteobacteria;o__SAR86;f__D2472;g__CACNXK01;s__CACNXK01 sp902622845,k__Bacteria;p__Proteobacteria;c__Gammaproteobacteria;o__Oceanospirillales;f__SAR86_clade;g__?;s__?,0.0,0.0,157.8,22.8,56.13,23236.0,4.47,4.82,SYTO-9,
AG-910-F06,1 cell,0.18,15.35,64505,0,0,,,,,,,,,,,,,,,,23.66,3.59,10.33,13327.0,3.44,1.03,SYTO-9,
AG-910-F07,1 cell,0.37,2.05,3778359,1084128,37,142087.0,29.4,96.438,3.0,29.0,1106.0,69.35,922.95,64.46,11.0,0.0,d__Bacteria;p__Proteobacteria;c__Alphaproteobacteria;o__Pelagibacterales;f__Pelagibacteraceae;g__Pelagibacter;s__Pelagibacter sp902576045,k__Bacteria;p__Proteobacteria;c__Alphaproteobacteria;o__SAR11_clade;f__Surface_1;g__?;s__?,0.0,0.0,101.89,21.15,123.62,20654.0,4.16,6.39,SYTO-9,
AG-910-F08,1 cell,0.44,12.38,289124,0,0,,,,,,,,,,,,,,,,33.63,6.94,19.78,14805.0,10.67,10.28,SYTO-9,
AG-910-F09,1 cell,0.21,10.36,278089,0,0,,,,,,,,,,,,,,,,25.39,3.0,3.82,14121.0,2.31,1.46,SYTO-9,
AG-910-F10,1 cell,0.18,2.38,3192926,525515,28,69195.0,29.57,95.313,3.0,21.0,572.0,68.01,860.47,41.0,11.0,0.0,d__Bacteria;p__Proteobacteria;c__Alphaproteobacteria;o__Pelagibacterales;f__Pelagibacteraceae;g__Pelagibacter;s__,k__Bacteria;p__Proteobacteria;c__Alphaproteobacteria;o__SAR11_clade;f__Surface_1;g__?;s__?,0.0,0.0,46.75,6.41,29.29,15762.0,7.47,1.03,SYTO-9,
AG-910-F11,1 cell,0.37,3.77,413619,31557,7,9009.0,26.64,96.429,0.0,0.0,29.0,51.72,906.97,0.0,11.0,0.0,0,0,0.0,0.0,24.84,3.27,12.86,16664.0,1.03,6.42,SYTO-9,
AG-910-F12,No drop,,15.35,263810,0,0,,,,,,,,,,,,,,,,,,,,,,,
AG-910-F13,1 cell,0.43,16.5,375716,2315,1,2315.0,31.45,99.914,0.0,0.0,2.0,0.0,687.5,0.0,4.0,0.0,0,0,0.0,0.0,111.49,24.23,83.74,20358.0,3.71,9.39,SYTO-9,Assembly shorter than 20kb.
AG-910-F14,1 cell,1.22,2.57,695800,234265,14,99632.0,52.98,91.231,0.0,2.0,244.0,45.08,865.78,8.62,11.0,0.0,0,0,0.0,0.0,298.69,63.2,290.61,26492.0,43.63,137.39,SYTO-9,
AG-910-F15,1 cell,0.23,2.01,3950109,788298,23,198279.0,33.9,96.179,3.0,20.0,829.0,73.1,896.13,53.99,11.0,0.0,d__Bacteria;p__Proteobacteria;c__Gammaproteobacteria;o__SAR86;f__AG-339-G14;g__AG-339-G14;s__AG-339-G14 sp902616715,k__Bacteria;p__Proteobacteria;c__Gammaproteobacteria;o__Oceanospirillales;f__SAR86_clade;g__?;s__?,0.0,0.0,124.58,17.17,74.3,20600.0,5.31,1.9,SYTO-9,
AG-910-F16,1 cell,1.76,15.35,497122,0,0,,,,,,,,,,,,,,,,153.26,25.5,172.61,21780.0,70.86,350.94,SYTO-9,
AG-910-F17,1 cell,0.24,2.01,4332104,888194,30,147336.0,32.07,96.8,0.0,23.0,908.0,68.5,931.8,56.35,11.0,0.0,d__Bacteria;p__Proteobacteria;c__Gammaproteobacteria;o__SAR86;f__D2472;g__SAR86A;s__SAR86A sp902617045,0,0.0,0.0,150.25,20.56,56.29,22743.0,6.93,2.03,SYTO-9,
AG-910-F18,1 cell,0.2,15.35,11079,0,0,,,,,,,,,,,,,,,,18.97,1.52,22.6,13438.0,3.89,1.32,SYTO-9,
AG-910-F19,1 cell,0.28,4.58,579292,7150,2,4412.0,27.64,89.986,0.0,0.0,6.0,66.67,899.5,0.0,11.0,0.0,0,0,0.0,0.0,193.2,25.96,69.78,23334.0,6.13,3.23,SYTO-9,Assembly shorter than 20kb.
AG-910-F20,1 cell,0.18,15.35,469668,0,0,,,,,,,,,,,,,,,,14.86,4.31,2.93,12651.0,5.51,1.03,SYTO-9,
AG-910-F21,1 cell,0.18,4.91,462862,0,0,,,,,,,,,,,,,,,,12.82,1.14,4.14,11458.0,7.26,1.03,SYTO-9,
AG-910-F22,1 cell,0.22,7.28,598847,29653,10,4715.0,31.17,95.053,0.0,0.0,30.0,80.0,714.5,0.0,11.0,0.0,0,0,0.0,0.0,36.94,4.18,4.25,15805.0,7.42,1.72,SYTO-9,
AG-910-F23,1 cell,1.47,2.75,683374,206909,14,64349.0,53.25,91.592,2.0,4.0,166.0,42.77,963.48,0.0,11.0,0.0,0,0,0.0,0.0,376.96,87.55,357.86,26076.0,37.11,220.83,SYTO-9,
AG-910-F24,No drop,,15.35,422387,0,0,,,,,,,,,,,,,,,,,,,,,,,
AG-910-G01,No drop,,10.73,105795,0,0,,,,,,,,,,,,,,,,,,,,,,,
AG-910-G02,1 cell,0.18,15.35,279,0,0,,,,,,,,,,,,,,,,21.76,6.96,8.48,12978.0,4.95,1.03,SYTO-9,
AG-910-G03,1 cell,0.18,9.91,61682,0,0,,,,,,,,,,,,,,,,14.47,3.43,13.6,12420.0,2.33,1.03,SYTO-9,
AG-910-G04,1 cell,0.28,541.23,777495,0,0,,,,,,,,,,,,,,,,15.27,3.1,9.42,11290.0,67.48,3.14,SYTO-9,
AG-910-G05,1 cell,0.4,2.44,2680997,637524,56,69601.0,28.79,95.362,0.0,13.0,686.0,62.24,832.13,29.48,11.0,0.0,d__Bacteria;p__Proteobacteria;c__Alphaproteobacteria;o__TMED109;f__TMED131;g__TMED62;s__,0,0.0,0.0,195.85,32.45,65.3,23512.0,8.14,7.79,SYTO-9,
AG-910-G06,1 cell,0.24,1.89,3187763,1155577,22,330630.0,30.88,96.06,3.0,25.0,1231.0,66.86,889.88,69.81,11.0,0.0,d__Bacteria;p__Proteobacteria;c__Alphaproteobacteria;o__HIMB59;f__HIMB59;g__HIMB59;s__HIMB59 sp902574995,k__Bacteria;p__Proteobacteria;c__Alphaproteobacteria;o__Rhodospirillales;f__Rhodospirillaceae;g__AEGEAN-169_marine_group;s__?,0.0,0.0,179.66,25.06,69.12,23464.0,6.02,2.2,SYTO-9,
AG-910-G07,1 cell,0.26,2.33,3161372,561447,36,73273.0,29.76,97.005,1.0,19.0,594.0,69.7,875.49,39.05,11.0,0.0,d__Bacteria;p__Proteobacteria;c__Alphaproteobacteria;o__Pelagibacterales;f__Pelagibacteraceae;g__Pelagibacter_A;s__Pelagibacter_A sp902544345,0,0.0,0.0,59.09,10.7,17.43,16608.0,8.73,2.56,SYTO-9,
AG-910-G08,1 cell,0.23,2.44,698182,142799,9,52821.0,33.38,97.064,0.0,2.0,168.0,72.02,803.66,10.33,11.0,0.0,d__Bacteria;p__Actinobacteriota;c__Acidimicrobiia;o__Actinomarinales;f__Actinomarinaceae;g__Actinomarina;s__Actinomarina sp902619825,0,0.0,0.0,77.63,12.39,24.94,20338.0,12.16,1.8,SYTO-9,
AG-910-G09,1 cell,0.25,1.94,3096359,1253135,27,248371.0,30.52,96.296,3.0,28.0,1346.0,65.3,885.31,81.33,11.0,0.0,d__Bacteria;p__Proteobacteria;c__Alphaproteobacteria;o__HIMB59;f__HIMB59;g__HIMB59;s__HIMB59 sp902575065,k__Bacteria;p__Proteobacteria;c__Alphaproteobacteria;o__Rhodospirillales;f__Rhodospirillaceae;g__AEGEAN-169_marine_group;s__?,0.0,0.0,135.66,23.47,48.88,21130.0,3.67,2.47,SYTO-9,
AG-910-G10,1 cell,0.29,2.31,3546951,543844,34,63715.0,29.28,96.428,0.0,12.0,585.0,71.97,868.45,54.88,11.0,0.0,d__Bacteria;p__Proteobacteria;c__Alphaproteobacteria;o__Pelagibacterales;f__Pelagibacteraceae;g__Pelagibacter;s__Pelagibacter sp902582605,0,0.0,0.0,121.08,19.01,77.16,21108.0,3.15,3.39,SYTO-9,
AG-910-G11,1 cell,0.21,2.04,4015203,942715,34,251721.0,29.58,96.44,3.0,27.0,983.0,73.35,906.82,85.47,11.0,0.0,d__Bacteria;p__Proteobacteria;c__Alphaproteobacteria;o__Pelagibacterales;f__Pelagibacteraceae;g__Pelagibacter_A;s__Pelagibacter_A sp902575095,k__Bacteria;p__Proteobacteria;c__Alphaproteobacteria;o__SAR11_clade;f__Surface_2;g__?;s__?,0.0,0.0,51.18,5.84,14.41,16898.0,5.62,1.47,SYTO-9,
AG-910-G12,No drop,,15.35,10990,0,0,,,,,,,,,,,,,,,,,,,,,,,
AG-910-G13,1 cell,0.28,2.49,3635370,277084,23,32349.0,36.66,89.41,0.0,9.0,270.0,59.26,881.69,5.17,11.0,0.0,0,0,0.0,0.0,141.54,23.47,70.97,21588.0,21.06,3.25,SYTO-9,
AG-910-G14,1 cell,0.38,2.16,3392152,1085557,31,216435.0,34.63,96.171,3.0,27.0,1115.0,72.56,920.19,57.65,11.0,0.0,d__Bacteria;p__Proteobacteria;c__Gammaproteobacteria;o__SAR86;f__D2472;g__D2472;s__D2472 sp902599315,k__Bacteria;p__Proteobacteria;c__Gammaproteobacteria;o__Oceanospirillales;f__SAR86_clade;g__?;s__?,0.0,0.0,236.97,36.72,69.74,24038.0,8.85,6.95,SYTO-9,
AG-910-G15,1 cell,0.18,15.35,394856,0,0,,,,,,,,,,,,,,,,23.97,5.1,20.26,13026.0,9.37,1.08,SYTO-9,
AG-910-G16,1 cell,0.18,7.19,529064,5058,1,5058.0,46.07,98.873,0.0,0.0,2.0,50.0,1934.0,0.0,11.0,0.0,0,0,0.0,0.0,26.3,6.16,28.54,13773.0,2.08,1.03,SYTO-9,Assembly shorter than 20kb.
AG-910-G17,1 cell,0.27,2.35,3327010,671627,51,79959.0,30.01,96.211,0.0,13.0,689.0,61.68,884.07,22.81,11.0,0.0,d__Bacteria;p__Proteobacteria;c__Alphaproteobacteria;o__TMED109;f__TMED131;g__GCA-2715505;s__,0,0.0,0.0,155.8,26.85,108.14,22925.0,28.32,2.9,SYTO-9,
AG-910-G18,1 cell,0.18,15.35,342513,2721,1,2721.0,60.24,80.706,0.0,0.0,3.0,0.0,731.0,0.0,11.0,0.0,0,0,0.0,0.0,16.81,6.15,5.79,11421.0,6.78,1.03,SYTO-9,Assembly shorter than 20kb.
AG-910-G19,1 cell,0.3,2.71,405129,294798,26,30099.0,29.65,96.843,0.0,5.0,319.0,67.4,855.06,23.74,11.0,0.0,d__Bacteria;p__Proteobacteria;c__Alphaproteobacteria;o__Pelagibacterales;f__Pelagibacteraceae;g__Pelagibacter;s__Pelagibacter sp902635685,0,0.0,0.0,118.9,22.8,40.89,21670.0,17.19,3.92,SYTO-9,
AG-910-G20,1 cell,0.2,4.87,788370,24598,6,7050.0,32.97,94.601,0.0,0.0,27.0,77.78,744.44,4.17,11.0,0.0,0,0,0.0,0.0,51.1,7.81,12.82,16594.0,5.36,1.32,SYTO-9,
AG-910-G21,1 cell,0.26,1.92,3473503,938904,25,177691.0,29.05,96.791,1.0,24.0,982.0,70.37,910.9,75.9,11.0,0.0,d__Bacteria;p__Proteobacteria;c__Alphaproteobacteria;o__Pelagibacterales;f__Pelagibacteraceae;g__Pelagibacter;s__Pelagibacter sp902596325,0,0.0,0.0,86.28,13.29,48.08,18698.0,3.18,2.5,SYTO-9,
AG-910-G22,1 cell,0.2,3.37,204579,86751,11,15117.0,29.53,97.021,0.0,0.0,86.0,72.09,924.5,9.13,11.0,0.0,0,0,0.0,0.0,83.15,11.62,29.35,19192.0,10.19,1.4,SYTO-9,
AG-910-G23,1 cell,0.29,2.92,557575,105194,14,18598.0,31.5,96.496,0.0,0.0,104.0,66.35,886.74,0.0,11.0,0.0,0,0,0.0,0.0,122.78,19.88,85.56,21297.0,16.49,3.58,SYTO-9,
AG-910-G24,No drop,,7.75,70493,0,0,,,,,,,,,,,,,,,,,,,,,,,
AG-910-H01,10 cells,10 particle,1.76,78742,465920,69,65182.0,31.23,96.791,0.0,2.0,497.0,63.98,837.99,35.85,11.0,0.0,d__Bacteria;p__Proteobacteria;c__Alphaproteobacteria;o__HIMB59;f__GCA-002718135;g__AG-337-I02;s__,0,0.0,0.0,,,,,,,SYTO-9,
AG-910-H02,No drop,,10.95,133569,0,0,,,,,,,,,,,,,,,,,,,,,,,
AG-910-H03,No drop,,11.97,55529,2561,1,2561.0,63.53,94.533,0.0,0.0,2.0,100.0,792.5,0.0,11.0,0.0,0,0,0.0,0.0,,,,,,,,Assembly shorter than 20kb.
AG-910-H04,No drop,,16.27,140292,0,0,,,,,,,,,,,,,,,,,,,,,,,
AG-910-H05,No drop,,10.79,174564,0,0,,,,,,,,,,,,,,,,,,,,,,,
AG-910-H06,No drop,,15.35,12542,0,0,,,,,,,,,,,,,,,,,,,,,,,
AG-910-H07,No drop,,15.35,255195,0,0,,,,,,,,,,,,,,,,,,,,,,,
AG-910-H08,No drop,,15.35,24798,0,0,,,,,,,,,,,,,,,,,,,,,,,
AG-910-H09,No drop,,15.35,305527,2094,1,2094.0,47.28,84.241,0.0,0.0,2.0,100.0,861.5,0.0,11.0,0.0,0,0,0.0,0.0,,,,,,,,Assembly shorter than 20kb.
AG-910-H10,No drop,,10.57,234631,0,0,,,,,,,,,,,,,,,,,,,,,,,
AG-910-H11,No drop,,15.35,1314,0,0,,,,,,,,,,,,,,,,,,,,,,,
AG-910-H12,10 cells,10 particle,1.96,406421,1247299,80,82663.0,32.57,95.586,1.0,22.0,1283.0,71.4,898.09,66.01,11.0,0.0,d__Bacteria;p__Proteobacteria;c__Alphaproteobacteria;o__Pelagibacterales;f__Pelagibacteraceae;g__Pelagibacter;s__Pelagibacter sp902561765,0,0.0,0.0,,,,,,,SYTO-9,
AG-910-H13,No drop,,15.35,188731,0,0,,,,,,,,,,,,,,,,,,,,,,,
AG-910-H14,No drop,,15.86,460473,0,0,,,,,,,,,,,,,,,,,,,,,,,
AG-910-H15,No drop,,15.35,1828,0,0,,,,,,,,,,,,,,,,,,,,,,,
AG-910-H16,No drop,,15.35,149,0,0,,,,,,,,,,,,,,,,,,,,,,,
AG-910-H17,No drop,,15.35,346837,0,0,,,,,,,,,,,,,,,,,,,,,,,
AG-910-H18,No drop,,15.35,8587,0,0,,,,,,,,,,,,,,,,,,,,,,,
AG-910-H19,No drop,,15.35,336184,0,0,,,,,,,,,,,,,,,,,,,,,,,
AG-910-H20,No drop,,15.35,374341,0,0,,,,,,,,,,,,,,,,,,,,,,,
AG-910-H21,No drop,,15.35,73801,0,0,,,,,,,,,,,,,,,,,,,,,,,
AG-910-H22,No drop,,15.35,337251,0,0,,,,,,,,,,,,,,,,,,,,,,,
AG-910-H23,No drop,,15.35,380937,0,0,,,,,,,,,,,,,,,,,,,,,,,
AG-910-H24,10 cells,10 particle,1.72,736595,1703043,119,115921.0,31.7,95.366,3.0,35.0,1838.0,62.51,844.6,93.1,11.0,0.0,d__Bacteria;p__Proteobacteria;c__Gammaproteobacteria;o__SAR86;f__TMED112;g__TMED112;s__,k__Bacteria;p__Proteobacteria;c__Alphaproteobacteria;o__SAR11_clade;f__Surface_2;g__?;s__?,0.0,0.0,,,,,,,SYTO-9,
AG-910-I01,No drop,,11.87,170705,0,0,,,,,,,,,,,,,,,,,,,,,,,
AG-910-I02,1 cell,0.53,15.35,219742,0,0,,,,,,,,,,,,,,,,21.33,4.29,21.3,14612.0,17.42,16.49,SYTO-9,
AG-910-I03,1 cell,0.27,2.0,2596233,756077,45,148892.0,29.81,96.777,0.0,20.0,794.0,71.03,887.32,59.64,11.0,0.0,d__Bacteria;p__Proteobacteria;c__Alphaproteobacteria;o__Pelagibacterales;f__Pelagibacteraceae;g__Pelagibacter;s__Pelagibacter sp902551985,0,0.0,0.0,97.98,16.78,21.29,20020.0,3.16,2.96,SYTO-9,
AG-910-I04,1 cell,0.36,2.52,2199359,636569,56,70185.0,28.34,95.198,0.0,12.0,693.0,60.75,825.57,31.03,11.0,0.0,d__Bacteria;p__Proteobacteria;c__Alphaproteobacteria;o__TMED109;f__TMED131;g__TMED62;s__,0,0.0,0.0,154.36,24.04,92.86,23288.0,20.51,5.95,SYTO-9,
AG-910-I05,1 cell,0.27,3.08,354992,83974,8,27163.0,31.55,97.131,0.0,0.0,86.0,66.28,894.6,3.83,11.0,0.0,0,0,0.0,0.0,61.98,13.71,20.69,18832.0,8.42,2.89,SYTO-9,
AG-910-I06,1 cell,0.19,15.35,385884,11586,2,7492.0,64.38,82.669,0.0,0.0,10.0,60.0,855.8,0.0,11.0,0.0,0,0,0.0,0.0,23.27,5.07,19.62,14394.0,4.03,1.23,SYTO-9,Assembly shorter than 20kb.
AG-910-I07,1 cell,0.27,2.14,3313764,956113,39,137377.0,31.14,96.131,2.0,21.0,924.0,56.06,965.95,55.15,11.0,0.0,d__Bacteria;p__Bacteroidota;c__Bacteroidia;o__Flavobacteriales;f__Flavobacteriaceae;g__MED-G14;s__MED-G14 sp002697465,k__Bacteria;p__Bacteroidetes;c__Flavobacteriia;o__Flavobacteriales;f__Flavobacteriaceae;g__NS4_marine_group;s__?,0.0,0.0,123.97,18.04,20.16,20717.0,4.7,2.77,SYTO-9,
AG-910-I08,1 cell,0.37,2.56,631399,331528,24,41149.0,29.68,96.579,0.0,5.0,354.0,72.88,855.19,15.27,11.0,0.0,d__Bacteria;p__Proteobacteria;c__Alphaproteobacteria;o__HIMB59;f__GCA-002718135;g__AG-337-I02;s__AG-337-I02 sp902600225,0,0.0,0.0,222.04,25.52,87.22,24121.0,4.6,6.44,SYTO-9,
AG-910-I09,1 cell,0.4,2.11,2496375,969597,45,125768.0,30.55,96.738,0.0,20.0,1044.0,68.39,866.95,68.02,11.0,0.0,d__Bacteria;p__Proteobacteria;c__Alphaproteobacteria;o__HIMB59;f__HIMB59;g__HIMB59;s__HIMB59 sp902615815,0,0.0,0.0,202.0,30.2,103.71,23163.0,4.42,7.69,SYTO-9,
AG-910-I10,1 cell,0.41,8.05,332450,0,0,,,,,,,,,,,,,,,,24.56,6.09,7.61,14189.0,14.97,8.61,SYTO-9,
AG-910-I11,1 cell,0.43,2.34,3423690,754599,54,76343.0,29.48,96.389,0.0,10.0,786.0,68.96,890.91,46.23,11.0,0.0,d__Bacteria;p__Proteobacteria;c__Alphaproteobacteria;o__HIMB59;f__GCA-002718135;g__AG-337-I02;s__,0,0.0,0.0,262.02,33.47,141.08,24135.0,4.08,9.29,SYTO-9,
AG-910-I12,No drop,,15.35,1674,0,0,,,,,,,,,,,,,,,,,,,,,,,
AG-910-I13,1 cell,0.18,9.27,413948,0,0,,,,,,,,,,,,,,,,13.86,1.25,18.85,10052.0,7.74,1.03,SYTO-9,
AG-910-I14,1 cell,0.35,2.6,498589,346398,35,32911.0,28.41,95.082,0.0,8.0,324.0,56.17,946.09,8.62,11.0,0.0,d__Bacteria;p__Bacteroidota;c__Bacteroidia;o__Flavobacteriales;f__Flavobacteriaceae;g__TMED220;s__TMED220 sp002702875,0,0.0,0.0,241.1,30.58,42.19,23176.0,17.9,5.43,SYTO-9,
AG-910-I15,1 cell,0.74,2.44,2930614,1369123,58,97403.0,52.74,92.178,0.0,17.0,1278.0,65.65,966.73,37.93,11.0,1.0,d__Bacteria;p__Proteobacteria;c__Gammaproteobacteria;o__Pseudomonadales;f__Halieaceae;g__Luminiphilus;s__,0,0.0,0.0,362.46,75.31,182.51,25399.0,6.27,37.8,SYTO-9,
AG-910-I16,1 cell,0.23,2.1,725076,189224,10,40827.0,34.69,96.756,0.0,3.0,206.0,79.61,871.96,15.52,11.0,0.0,d__Bacteria;p__Proteobacteria;c__Gammaproteobacteria;o__GCA-002705445;f__GCA-002716945;g__CACLCV01;s__,0,0.0,0.0,24.88,2.84,19.21,14561.0,4.53,1.91,SYTO-9,
AG-910-I17,1 cell,0.19,1.48,391593,0,0,,,,,,,,,,,,,,,,20.77,1.67,6.61,14156.0,2.46,1.14,SYTO-9,
AG-910-I18,1 cell,0.18,15.35,395033,0,0,,,,,,,,,,,,,,,,15.05,5.26,12.35,14105.0,4.54,1.03,SYTO-9,
AG-910-I19,1 cell,0.18,15.35,575017,2943,1,2943.0,59.97,99.966,0.0,0.0,3.0,66.67,838.0,0.0,11.0,0.0,0,0,0.0,0.0,16.57,2.59,27.18,13475.0,9.95,1.08,SYTO-9,Assembly shorter than 20kb.
AG-910-I20,1 cell,0.27,3.18,701066,88014,14,13160.0,30.53,96.189,0.0,1.0,94.0,63.83,802.01,0.0,11.0,0.0,0,0,0.0,0.0,67.38,9.31,26.1,19099.0,3.09,2.88,SYTO-9,
AG-910-I21,1 cell,0.28,5.12,655582,31002,9,5022.0,31.02,97.029,0.0,0.0,32.0,68.75,782.09,7.21,11.0,0.0,0,0,0.0,0.0,65.09,8.57,34.97,17919.0,2.93,3.13,SYTO-9,
AG-910-I22,1 cell,0.69,4.66,227203,9363,3,4103.0,33.3,92.417,0.0,1.0,10.0,30.0,690.5,0.69,11.0,0.0,0,0,0.0,0.0,218.57,30.23,140.81,23450.0,32.52,32.34,SYTO-9,Assembly shorter than 20kb.
AG-910-I23,1 cell,0.73,1.98,5080878,792226,60,122681.0,31.63,93.627,0.0,13.0,845.0,64.73,837.23,57.56,11.0,0.0,d__Bacteria;p__Cyanobacteria;c__Cyanobacteriia;o__PCC-6307;f__Cyanobiaceae;g__Prochlorococcus_A;s__Prochlorococcus_A sp003278525,0,0.0,0.0,257.17,31.75,103.55,24562.0,30.83,36.69,SYTO-9,
AG-910-I24,No drop,,15.45,726661,0,0,,,,,,,,,,,,,,,,,,,,,,,
AG-910-J01,No drop,,9.02,132810,0,0,,,,,,,,,,,,,,,,,,,,,,,
AG-910-J02,1 cell,0.28,3.44,309462,43880,5,17564.0,26.73,98.295,0.0,0.0,44.0,72.73,879.57,3.77,11.0,0.0,0,0,0.0,0.0,71.98,19.29,43.5,18015.0,12.69,3.14,SYTO-9,
AG-910-J03,1 cell,0.27,2.24,2406837,602946,51,57486.0,29.4,96.231,1.0,13.0,619.0,68.82,877.42,37.63,11.0,0.0,d__Bacteria;p__Proteobacteria;c__Alphaproteobacteria;o__Pelagibacterales;f__Pelagibacteraceae;g__Pelagibacter;s__Pelagibacter sp000155895,0,0.0,0.0,104.16,12.3,24.14,21027.0,8.78,2.89,SYTO-9,
AG-910-J04,1 cell,0.52,1.99,2264501,1196796,48,116970.0,31.29,89.908,3.0,22.0,1345.0,53.46,781.59,67.85,11.0,0.0,d__Bacteria;p__Cyanobacteria;c__Cyanobacteriia;o__PCC-6307;f__Cyanobiaceae;g__Prochlorococcus_A;s__Prochlorococcus_A sp902612005,k__Bacteria;p__Cyanobacteria;c__Oxyphotobacteria;o__Synechococcales;f__Synechococcaceae;g__Prochlorococcus;s__?,0.0,0.0,170.29,23.73,84.03,23597.0,14.32,15.28,SYTO-9,
AG-910-J05,1 cell,0.22,1.93,2491714,890729,26,177658.0,29.07,96.22,3.0,21.0,913.0,68.46,921.36,49.23,11.0,0.0,d__Bacteria;p__Proteobacteria;c__Alphaproteobacteria;o__Pelagibacterales;f__Pelagibacteraceae;g__Pelagibacter;s__,k__Bacteria;p__Proteobacteria;c__Alphaproteobacteria;o__SAR11_clade;f__Surface_1;g__?;s__?,0.0,0.0,76.55,11.82,32.99,18014.0,2.3,1.72,SYTO-9,
AG-910-J06,1 cell,0.18,2.22,2382006,727401,30,94031.0,33.13,95.605,3.0,10.0,747.0,68.94,904.55,56.6,11.0,0.0,d__Bacteria;p__Proteobacteria;c__Alphaproteobacteria;o__Pelagibacterales;f__AG-422-B15;g__AG-422-B15;s__AG-422-B15 sp902519835,k__Bacteria;p__Proteobacteria;c__Alphaproteobacteria;o__SAR11_clade;f__Surface_4;g__?;s__?,0.0,0.0,102.85,13.15,50.04,21733.0,2.92,1.03,SYTO-9,
AG-910-J07,1 cell,0.32,2.27,3075632,816592,26,197796.0,34.28,96.721,2.0,21.0,845.0,74.91,918.3,48.42,11.0,0.0,d__Bacteria;p__Proteobacteria;c__Gammaproteobacteria;o__SAR86;f__AG-339-G14;g__AG-339-G14;s__AG-339-G14 sp902613455,0,0.0,0.0,116.16,19.82,48.1,20311.0,9.38,4.35,SYTO-9,
AG-910-J08,1 cell,0.2,2.44,2782708,541506,39,109323.0,28.8,96.813,1.0,13.0,572.0,74.83,876.09,48.12,11.0,0.0,d__Bacteria;p__Proteobacteria;c__Alphaproteobacteria;o__Pelagibacterales;f__Pelagibacteraceae;g__Pelagibacter;s__Pelagibacter sp902565935,0,0.0,0.0,69.23,8.87,35.33,17975.0,5.19,1.4,SYTO-9,
AG-910-J09,1 cell,0.28,2.54,505725,80033,4,34583.0,29.34,96.325,0.0,0.0,80.0,86.25,937.06,13.21,11.0,0.0,0,0,0.0,0.0,105.25,20.45,67.89,20185.0,10.91,3.29,SYTO-9,
AG-910-J10,1 cell,0.19,15.35,10465,0,0,,,,,,,,,,,,,,,,19.67,2.44,7.57,11356.0,2.77,1.23,SYTO-9,
AG-910-J11,1 cell,0.26,2.81,514283,301673,16,83443.0,29.0,94.892,0.0,4.0,326.0,66.87,858.15,12.5,11.0,0.0,d__Bacteria;p__Proteobacteria;c__Alphaproteobacteria;o__Puniceispirillales;f__AAA536-G10;g__TMED54;s__,0,0.0,0.0,79.8,17.8,30.49,19364.0,5.45,2.51,SYTO-9,
AG-910-J12,No drop,,15.35,430,0,0,,,,,,,,,,,,,,,,,,,,,,,
AG-910-J13,1 cell,0.3,3.14,586953,230095,34,18337.0,29.39,96.376,0.0,2.0,240.0,67.5,829.91,0.86,11.0,0.0,0,0,0.0,0.0,208.85,27.08,67.47,23368.0,5.5,3.9,SYTO-9,
AG-910-J14,1 cell,0.22,4094.03,345318,0,0,,,,,,,,,,,,,,,,19.05,2.14,20.65,13066.0,2.25,1.79,SYTO-9,
AG-910-J15,1 cell,0.31,3.04,545371,323675,28,40868.0,34.91,95.144,3.0,13.0,322.0,69.25,872.35,16.46,11.0,0.0,d__Bacteria;p__Proteobacteria;c__Gammaproteobacteria;o__SAR86;f__AG-339-G14;g__CACNYO01;s__CACNYO01 sp902570035,k__Bacteria;p__Proteobacteria;c__Gammaproteobacteria;o__Oceanospirillales;f__SAR86_clade;g__?;s__?,0.0,0.0,126.4,18.91,36.04,21072.0,5.86,3.99,SYTO-9,
AG-910-J16,1 cell,0.34,1.94,3441775,756317,32,212369.0,30.85,95.054,3.0,24.0,830.0,65.42,851.14,55.21,11.0,0.0,d__Bacteria;p__Proteobacteria;c__Alphaproteobacteria;o__HIMB59;f__HIMB59;g__HIMB59;s__HIMB59 sp902575725,k__Bacteria;p__Proteobacteria;c__Alphaproteobacteria;o__Rhodospirillales;f__Rhodospirillaceae;g__AEGEAN-169_marine_group;s__?,0.0,0.0,123.95,23.69,49.77,21263.0,7.46,5.27,SYTO-9,
AG-910-J17,1 cell,1.43,10.37,586981,7414,2,4763.0,46.94,56.447,0.0,0.0,8.0,0.0,467.38,0.0,4.0,0.0,0,0,0.0,0.0,73.79,19.65,105.12,17766.0,235.21,205.84,SYTO-9,Assembly shorter than 20kb.
AG-910-J18,1 cell,0.26,15.35,193219,0,0,,,,,,,,,,,,,,,,88.44,12.48,41.4,20320.0,7.77,2.69,SYTO-9,
AG-910-J19,1 cell,0.41,15.35,414360,0,0,,,,,,,,,,,,,,,,10.34,2.44,3.22,9205.0,4.34,8.41,SYTO-9,
AG-910-J20,1 cell,0.19,2.66,647447,609093,43,48477.0,30.02,96.808,1.0,18.0,644.0,70.81,871.4,53.29,11.0,0.0,d__Bacteria;p__Proteobacteria;c__Alphaproteobacteria;o__Pelagibacterales;f__Pelagibacteraceae;g__Pelagibacter_A;s__,0,0.0,0.0,100.79,9.04,31.75,21061.0,7.37,1.11,SYTO-9,
AG-910-J21,1 cell,0.39,2.59,843512,662644,47,76412.0,30.4,96.72,0.0,14.0,711.0,65.12,857.22,54.72,11.0,0.0,d__Bacteria;p__Proteobacteria;c__Alphaproteobacteria;o__TMED127;f__TMED127;g__TMED13;s__,0,0.0,0.0,123.76,23.03,76.92,20799.0,11.68,7.35,SYTO-9,
AG-910-J22,1 cell,0.34,1.75,3982492,1096647,36,186782.0,29.75,96.412,3.0,21.0,1140.0,71.49,912.91,80.72,11.0,0.0,d__Bacteria;p__Proteobacteria;c__Alphaproteobacteria;o__Pelagibacterales;f__Pelagibacteraceae;g__Pelagibacter;s__Pelagibacter sp902555585,k__Bacteria;p__Proteobacteria;c__Alphaproteobacteria;o__SAR11_clade;f__Surface_1;g__?;s__?,0.0,0.0,158.54,22.43,29.6,22253.0,9.24,5.14,SYTO-9,
AG-910-J23,1 cell,0.37,15.35,13,0,0,,,,,,,,,,,,,,,,17.89,6.25,26.49,12852.0,11.6,6.34,SYTO-9,
AG-910-J24,No drop,,7.24,699648,0,0,,,,,,,,,,,,,,,,,,,,,,,
AG-910-K01,No drop,,6.65,177373,0,0,,,,,,,,,,,,,,,,,,,,,,,
AG-910-K02,1 cell,0.27,2.01,2251875,1147435,39,293404.0,29.65,96.463,3.0,28.0,1177.0,69.41,917.32,78.31,11.0,0.0,d__Bacteria;p__Proteobacteria;c__Alphaproteobacteria;o__Pelagibacterales;f__Pelagibacteraceae;g__Pelagibacter;s__Pelagibacter sp902575835,k__Bacteria;p__Proteobacteria;c__Alphaproteobacteria;o__SAR11_clade;f__Surface_1;g__?;s__?,0.0,0.0,69.59,12.39,11.23,18349.0,5.77,2.91,SYTO-9,
AG-910-K03,1 cell,0.38,2.03,2479474,1067614,56,103436.0,29.79,96.213,3.0,24.0,1081.0,68.64,921.68,56.34,11.0,0.0,d__Bacteria;p__Proteobacteria;c__Alphaproteobacteria;o__HIMB59;f__GCA-002718135;g__AG-337-I02;s__AG-337-I02 sp902575815,k__Bacteria;p__Proteobacteria;c__Alphaproteobacteria;o__Rhodospirillales;f__Rhodospirillaceae;g__AEGEAN-169_marine_group;s__?,0.0,0.0,229.66,30.17,54.29,24514.0,6.79,6.86,SYTO-9,
AG-910-K04,1 cell,0.18,9.7,111598,0,0,,,,,,,,,,,,,,,,22.56,4.91,21.54,11730.0,6.0,1.03,SYTO-9,
AG-910-K05,1 cell,0.24,5.76,200826,27436,6,7854.0,40.97,93.979,0.0,0.0,25.0,40.0,776.36,4.17,11.0,0.0,0,0,0.0,0.0,76.79,13.01,56.76,18917.0,4.13,2.14,SYTO-9,
AG-910-K06,1 cell,0.41,2.26,2095606,605890,46,130383.0,29.07,95.464,3.0,9.0,631.0,67.99,875.89,36.07,11.0,0.0,d__Bacteria;p__Proteobacteria;c__Alphaproteobacteria;o__HIMB59;f__GCA-002718135;g__AG-337-I02;s__,k__Bacteria;p__Proteobacteria;c__Alphaproteobacteria;o__Rhodospirillales;f__Rhodospirillaceae;g__AEGEAN-169_marine_group;s__?,0.0,0.0,153.88,30.27,80.47,22017.0,10.95,8.43,SYTO-9,
AG-910-K07,1 cell,0.34,2.29,2457914,986306,50,133483.0,29.42,96.56,3.0,18.0,1021.0,69.05,899.05,66.27,11.0,0.0,d__Bacteria;p__Proteobacteria;c__Alphaproteobacteria;o__Pelagibacterales;f__Pelagibacteraceae;g__Pelagibacter;s__Pelagibacter sp902618205,k__Bacteria;p__Proteobacteria;c__Alphaproteobacteria;o__SAR11_clade;f__Surface_1;g__?;s__?,0.0,0.0,73.27,10.57,26.78,17135.0,3.75,5.06,SYTO-9,
AG-910-K08,1 cell,0.19,2.08,3828712,1002346,35,138671.0,29.93,97.103,0.0,17.0,1057.0,72.28,903.56,72.18,11.0,0.0,d__Bacteria;p__Proteobacteria;c__Alphaproteobacteria;o__Pelagibacterales;f__Pelagibacteraceae;g__Pelagibacter;s__,0,0.0,0.0,100.39,11.4,29.97,20337.0,2.11,1.19,SYTO-9,
AG-910-K09,1 cell,0.48,2.13,3723288,1562531,77,116209.0,31.43,93.811,0.0,21.0,1569.0,64.75,906.3,61.38,11.0,0.0,d__Bacteria;p__Proteobacteria;c__Alphaproteobacteria;o__Puniceispirillales;f__AAA536-G10;g__AAA536-G10;s__AAA536-G10 sp003278095,0,0.0,0.0,585.08,79.72,148.97,28509.0,16.84,12.5,SYTO-9,
AG-910-K10,1 cell,0.22,2.53,3360312,484408,35,51107.0,31.88,96.284,0.0,18.0,526.0,63.12,856.89,30.65,11.0,0.0,d__Bacteria;p__Actinobacteriota;c__Acidimicrobiia;o__Actinomarinales;f__Actinomarinaceae;g__Actinomarina;s__,0,0.0,0.0,48.14,6.73,32.65,18343.0,4.46,1.71,SYTO-9,
AG-910-K11,1 cell,0.18,15.35,203383,0,0,,,,,,,,,,,,,,,,14.16,1.79,6.07,10914.0,1.03,1.03,SYTO-9,
AG-910-K12,No drop,,8.75,299457,0,0,,,,,,,,,,,,,,,,,,,,,,,
AG-910-K13,1 cell,0.18,10.26,381281,5879,2,3106.0,56.13,58.275,0.0,0.0,5.0,60.0,683.0,0.0,11.0,0.0,0,0,0.0,0.0,15.69,2.34,3.32,11546.0,3.69,1.03,SYTO-9,Assembly shorter than 20kb.
AG-910-K14,1 cell,1.52,3823.22,379389,5167,2,2746.0,64.29,82.737,0.0,0.0,6.0,33.33,703.5,0.0,11.0,0.0,0,0,0.0,0.0,100.88,28.42,147.06,19670.0,142.74,243.76,SYTO-9,Assembly shorter than 20kb.
AG-910-K15,1 cell,0.19,6.73,291622,10075,1,10075.0,62.56,88.715,0.0,0.0,7.0,85.71,1267.57,0.0,11.0,0.0,0,0,0.0,0.0,24.56,6.5,17.75,13898.0,7.02,1.24,SYTO-9,Assembly shorter than 20kb.
AG-910-K16,1 cell,0.22,2.4,3211189,125510,6,46186.0,29.39,97.039,0.0,4.0,146.0,76.71,805.96,16.26,11.0,0.0,d__Bacteria;p__Proteobacteria;c__Alphaproteobacteria;o__Pelagibacterales;f__Pelagibacteraceae;g__Pelagibacter_A;s__Pelagibacter_A sp902590755,0,0.0,0.0,82.54,10.84,52.56,18220.0,11.05,1.78,SYTO-9,
AG-910-K17,1 cell,0.31,2.03,3737655,930001,37,376794.0,31.22,96.449,2.0,15.0,994.0,70.52,885.25,70.48,11.0,0.0,d__Bacteria;p__Proteobacteria;c__Alphaproteobacteria;o__HIMB59;f__HIMB59;g__HIMB59;s__HIMB59 sp902601865,0,0.0,0.0,192.98,29.64,43.65,23966.0,5.95,4.03,SYTO-9,
AG-910-K18,1 cell,0.24,2.61,391833,135245,6,45195.0,28.03,97.038,0.0,4.0,146.0,71.92,869.6,8.33,11.0,0.0,0,0,0.0,0.0,85.29,9.41,29.75,18792.0,10.22,2.23,SYTO-9,
AG-910-K19,1 cell,0.26,2.57,595310,687880,38,115034.0,29.85,97.088,1.0,15.0,705.0,75.46,912.27,62.26,11.0,0.0,d__Bacteria;p__Proteobacteria;c__Alphaproteobacteria;o__Pelagibacterales;f__Pelagibacteraceae;g__Pelagibacter_A;s__,0,0.0,0.0,72.01,8.51,18.39,19687.0,11.09,2.68,SYTO-9,
AG-910-K20,1 cell,0.26,1.93,4734559,765380,32,94086.0,34.87,96.231,2.0,30.0,777.0,67.95,929.39,51.72,11.0,0.0,d__Bacteria;p__Proteobacteria;c__Gammaproteobacteria;o__SAR86;f__TMED112;g__TMED112;s__TMED112 sp902610995,k__Bacteria;p__Proteobacteria;c__Gammaproteobacteria;o__Oceanospirillales;f__SAR86_clade;g__?;s__?,0.0,0.0,108.37,16.04,56.88,19987.0,6.9,2.66,SYTO-9,
AG-910-K21,1 cell,0.22,2.19,3690772,507244,24,98377.0,29.54,97.183,1.0,12.0,529.0,71.27,902.07,35.47,11.0,0.0,d__Bacteria;p__Proteobacteria;c__Alphaproteobacteria;o__Pelagibacterales;f__Pelagibacteraceae;g__Pelagibacter_A;s__Pelagibacter_A sp902590505,0,0.0,0.0,25.12,3.55,10.28,13641.0,11.05,1.65,SYTO-9,
AG-910-K22,1 cell,0.22,2.67,280206,288059,24,54612.0,33.2,96.862,2.0,4.0,295.0,67.8,915.57,20.83,11.0,0.0,d__Bacteria;p__Proteobacteria;c__Gammaproteobacteria;o__SAR86;f__TMED112;g__TMED112;s__TMED112 sp003280455,0,0.0,0.0,117.28,14.24,40.43,21238.0,3.79,1.67,SYTO-9,
AG-910-K23,1 cell,0.28,3.66,503304,63456,10,11192.0,29.37,95.821,0.0,0.0,56.0,71.43,870.66,3.85,11.0,0.0,0,0,0.0,0.0,58.52,10.41,39.43,17998.0,6.92,3.18,SYTO-9,
AG-910-K24,No drop,,6.28,93813,0,0,,,,,,,,,,,,,,,,,,,,,,,
AG-910-L01,No drop,,23.18,111743,0,0,,,,,,,,,,,,,,,,,,,,,,,
AG-910-L02,1 cell,0.19,4.75,126884,134319,14,41293.0,32.28,93.343,3.0,3.0,153.0,54.9,767.2,13.79,11.0,0.0,0,k__Bacteria;p__Actinobacteria;c__Acidimicrobiia;o__Acidimicrobiales;f__OM1_clade;g__Candidatus_Actinomarina;s__?,0.0,0.0,77.91,8.84,12.98,18604.0,11.91,1.2,SYTO-9,
AG-910-L03,1 cell,0.18,15.35,124140,0,0,,,,,,,,,,,,,,,,9.99,1.02,1.7,9018.0,1.03,1.03,SYTO-9,
AG-910-L04,1 cell,0.23,2.19,2524554,496875,32,93199.0,30.04,96.446,1.0,13.0,515.0,69.71,878.85,40.56,11.0,0.0,d__Bacteria;p__Proteobacteria;c__Alphaproteobacteria;o__Pelagibacterales;f__Pelagibacteraceae;g__Pelagibacter;s__Pelagibacter sp902571015,0,0.0,0.0,65.54,6.26,26.41,18754.0,12.95,1.8,SYTO-9,
AG-910-L05,1 cell,0.24,5.08,336965,29425,4,9029.0,32.87,97.76,0.0,1.0,30.0,70.0,926.9,5.17,11.0,0.0,0,0,0.0,0.0,140.27,21.48,31.19,21685.0,20.45,2.07,SYTO-9,
AG-910-L06,1 cell,0.24,2.18,2859537,837253,28,120383.0,32.87,96.808,2.0,30.0,863.0,69.41,917.34,59.96,11.0,0.0,d__Bacteria;p__Proteobacteria;c__Gammaproteobacteria;o__SAR86;f__TMED112;g__TMED112;s__TMED112 sp003280455,k__Bacteria;p__Proteobacteria;c__Gammaproteobacteria;o__Oceanospirillales;f__SAR86_clade;g__?;s__?,0.0,0.0,115.45,15.15,32.98,21774.0,2.75,2.2,SYTO-9,
AG-910-L07,1 cell,0.31,2.06,3038116,1247945,45,293674.0,40.36,90.736,0.0,11.0,1213.0,61.01,909.94,39.66,11.0,0.0,d__Bacteria;p__Proteobacteria;c__Alphaproteobacteria;o__Puniceispirillales;f__Puniceispirillaceae;g__UBA5951;s__UBA5951 sp016779005,0,0.0,0.0,298.06,43.65,120.21,28345.0,10.19,4.08,SYTO-9,
AG-910-L08,1 cell,0.18,15.35,63,0,0,,,,,,,,,,,,,,,,10.99,2.09,4.89,9081.0,2.17,1.03,SYTO-9,
AG-910-L09,1 cell,0.24,2.77,662903,57709,6,29080.0,32.63,97.889,0.0,0.0,50.0,68.0,948.38,0.0,11.0,0.0,0,0,0.0,0.0,38.8,5.79,24.57,16543.0,2.63,2.11,SYTO-9,
AG-910-L10,1 cell,0.24,2.6,557078,363861,27,50078.0,29.49,95.16,2.0,7.0,381.0,68.24,872.07,16.98,11.0,0.0,d__Bacteria;p__Proteobacteria;c__Alphaproteobacteria;o__Pelagibacterales;f__Pelagibacteraceae;g__Pelagibacter;s__Pelagibacter sp902603625,k__Bacteria;p__Proteobacteria;c__Alphaproteobacteria;o__SAR11_clade;f__Surface_1;g__?;s__?,0.0,0.0,92.67,14.13,31.65,22418.0,3.58,2.11,SYTO-9,
AG-910-L11,1 cell,0.19,3.0,427350,178072,20,26420.0,28.68,97.402,0.0,3.0,206.0,76.7,776.87,24.74,11.0,0.0,d__Bacteria;p__Proteobacteria;c__Alphaproteobacteria;o__Pelagibacterales;f__Pelagibacteraceae;g__Pelagibacter;s__,0,0.0,0.0,30.39,4.7,16.54,13908.0,4.41,1.1,SYTO-9,
AG-910-L12,No drop,,3.61,347698,0,0,,,,,,,,,,,,,,,,,,,,,,,
AG-910-L13,1 cell,0.2,15.35,129159,0,0,,,,,,,,,,,,,,,,21.07,6.04,31.34,12828.0,2.98,1.38,SYTO-9,
AG-910-L14,1 cell,0.24,3.61,607544,15774,2,13602.0,30.72,94.757,0.0,0.0,15.0,26.67,944.6,0.0,11.0,0.0,0,0,0.0,0.0,10.69,2.93,1.84,9979.0,14.5,2.11,SYTO-9,Assembly shorter than 20kb.
AG-910-L15,1 cell,0.18,2.93,450049,571341,40,50327.0,29.88,96.646,1.0,16.0,593.0,71.16,876.48,43.4,11.0,0.0,d__Bacteria;p__Proteobacteria;c__Alphaproteobacteria;o__Pelagibacterales;f__Pelagibacteraceae;g__Pelagibacter_A;s__Pelagibacter_A sp902569465,0,0.0,0.0,35.89,5.16,24.17,15222.0,6.32,1.03,SYTO-9,
AG-910-L16,1 cell,3.57,15.35,56,0,0,,,,,,,,,,,,,,,,413.31,126.65,670.53,26677.0,118.7,2173.8,SYTO-9,
AG-910-L17,1 cell,0.37,1.9,4107536,1089091,21,272593.0,33.57,96.178,3.0,26.0,1109.0,73.58,934.62,59.77,11.0,0.0,d__Bacteria;p__Proteobacteria;c__Gammaproteobacteria;o__SAR86;f__AG-339-G14;g__AG-339-G14;s__AG-339-G14 sp902635045,k__Bacteria;p__Proteobacteria;c__Gammaproteobacteria;o__Oceanospirillales;f__SAR86_clade;g__?;s__?,0.0,0.0,281.21,43.56,91.64,24648.0,7.94,6.38,SYTO-9,
AG-910-L18,1 cell,0.23,3.32,733697,155170,17,28669.0,29.78,96.953,0.0,3.0,173.0,64.74,820.32,4.17,11.0,0.0,0,0,0.0,0.0,64.63,10.15,51.3,17033.0,11.92,1.92,SYTO-9,
AG-910-L19,1 cell,0.31,1.99,3295924,974679,26,150494.0,29.7,96.001,3.0,25.0,1012.0,67.69,907.6,77.38,11.0,0.0,d__Bacteria;p__Proteobacteria;c__Alphaproteobacteria;o__Pelagibacterales;f__Pelagibacteraceae;g__Pelagibacter;s__Pelagibacter sp902576335,k__Bacteria;p__Proteobacteria;c__Alphaproteobacteria;o__SAR11_clade;f__Surface_1;g__?;s__?,0.0,0.0,85.03,11.22,11.85,20468.0,5.86,4.02,SYTO-9,
AG-910-L20,1 cell,0.28,5.19,695829,31542,9,6252.0,30.2,96.845,0.0,0.0,31.0,70.97,781.13,1.89,11.0,0.0,0,0,0.0,0.0,153.41,24.24,45.13,23231.0,7.22,3.28,SYTO-9,
AG-910-L21,1 cell,0.38,2.09,4952874,642622,42,130469.0,29.7,96.139,2.0,16.0,672.0,69.64,884.58,41.51,11.0,1.0,d__Bacteria;p__Proteobacteria;c__Alphaproteobacteria;o__Pelagibacterales;f__Pelagibacteraceae;g__Pelagibacter;s__Pelagibacter sp002101295,k__Bacteria;p__Proteobacteria;c__Alphaproteobacteria;o__SAR11_clade;f__Surface_1;g__?;s__?,0.0,0.0,179.86,22.72,60.61,22856.0,6.95,6.91,SYTO-9,
AG-910-L22,1 cell,0.41,4.83,389934,85067,18,12453.0,30.55,94.035,0.0,2.0,83.0,60.24,849.19,0.86,11.0,0.0,0,0,0.0,0.0,388.69,56.55,154.14,26631.0,11.52,8.44,SYTO-9,
AG-910-L23,1 cell,0.74,3.88,724760,48810,13,10600.0,33.73,90.774,0.0,1.0,53.0,60.38,705.75,4.17,11.0,0.0,0,0,0.0,0.0,240.53,30.79,132.6,23839.0,41.1,37.8,SYTO-9,
AG-910-L24,No drop,,15.48,551883,0,0,,,,,,,,,,,,,,,,,,,,,,,
AG-910-M01,No drop,,10.27,111133,0,0,,,,,,,,,,,,,,,,,,,,,,,
AG-910-M02,1 cell,0.39,1.92,2317863,1128449,64,191928.0,30.87,96.159,3.0,26.0,1037.0,60.46,993.91,72.79,11.0,0.0,d__Bacteria;p__Bacteroidota;c__Bacteroidia;o__Flavobacteriales;f__Flavobacteriaceae;g__GCA-2862715;s__GCA-2862715 sp002862715,k__Bacteria;p__Bacteroidetes;c__Flavobacteriia;o__Flavobacteriales;f__Flavobacteriaceae;g__NS4_marine_group;s__?,0.0,0.0,180.95,25.95,57.63,23054.0,7.78,7.46,SYTO-9,
AG-910-M03,1 cell,0.22,2.82,109633,140216,20,20745.0,34.29,95.673,0.0,3.0,135.0,74.81,893.84,17.24,11.0,0.0,d__Bacteria;p__Proteobacteria;c__Gammaproteobacteria;o__SAR86;f__AG-339-G14;g__AG-339-G14;s__AG-339-G14 sp902613455,0,0.0,0.0,139.13,17.41,76.95,26789.0,2.41,1.66,SYTO-9,
AG-910-M04,1 cell,0.19,4.04,113338,43291,9,7399.0,62.75,57.883,0.0,0.0,49.0,0.0,492.65,0.0,11.0,0.0,0,0,0.0,0.0,26.25,1.99,4.25,14156.0,2.5,1.11,SYTO-9,
AG-910-M05,1 cell,0.32,2.75,152017,416643,40,65739.0,30.12,96.685,0.0,8.0,427.0,67.45,874.07,28.07,11.0,0.0,d__Bacteria;p__Proteobacteria;c__Alphaproteobacteria;o__TMED127;f__TMED127;g__GCA-002690875;s__GCA-002690875 sp902536485,0,0.0,0.0,114.19,20.62,40.5,20826.0,16.94,4.29,SYTO-9,
AG-910-M06,1 cell,0.23,2.62,256022,421843,29,102526.0,30.57,97.045,0.0,8.0,399.0,63.91,978.67,27.59,11.0,0.0,d__Bacteria;p__Bacteroidota;c__Bacteroidia;o__Flavobacteriales;f__Flavobacteriaceae;g__MED-G11;s__MED-G11 sp902560025,0,0.0,0.0,72.75,10.59,38.75,18007.0,4.35,1.83,SYTO-9,
AG-910-M07,1 cell,0.3,2.26,2190771,783678,36,124262.0,29.36,96.905,1.0,15.0,827.0,70.5,893.07,51.15,11.0,0.0,d__Bacteria;p__Proteobacteria;c__Alphaproteobacteria;o__Pelagibacterales;f__Pelagibacteraceae;g__Pelagibacter;s__Pelagibacter sp902598655,0,0.0,0.0,91.67,16.12,26.9,20514.0,14.78,3.66,SYTO-9,
AG-910-M08,1 cell,0.21,2.26,2985629,761956,34,135264.0,29.92,97.202,1.0,19.0,786.0,74.17,917.6,54.89,11.0,0.0,d__Bacteria;p__Proteobacteria;c__Alphaproteobacteria;o__Pelagibacterales;f__Pelagibacteraceae;g__GCA-2704625;s__,0,0.0,0.0,49.48,5.89,16.97,16626.0,7.46,1.46,SYTO-9,
AG-910-M09,1 cell,0.25,2.25,2408918,704009,26,109096.0,30.17,96.888,0.0,8.0,728.0,72.39,913.11,43.4,11.0,0.0,d__Bacteria;p__Proteobacteria;c__Alphaproteobacteria;o__Pelagibacterales;f__Pelagibacteraceae;g__Pelagibacter;s__,0,0.0,0.0,69.78,9.41,47.23,20301.0,8.28,2.28,SYTO-9,
AG-910-M10,1 cell,0.28,2.15,2553250,757654,25,179180.0,33.4,95.719,3.0,19.0,831.0,65.58,857.47,54.19,11.0,0.0,d__Bacteria;p__Actinobacteriota;c__Acidimicrobiia;o__Actinomarinales;f__Actinomarinaceae;g__Actinomarina;s__Actinomarina sp902576605,k__Bacteria;p__Actinobacteria;c__Acidimicrobiia;o__Acidimicrobiales;f__OM1_clade;g__Candidatus_Actinomarina;s__?,0.0,0.0,95.01,13.34,39.61,18609.0,7.66,3.15,SYTO-9,
AG-910-M11,1 cell,0.24,2.08,3813173,884328,32,178312.0,29.8,96.875,1.0,21.0,902.0,71.29,925.67,63.2,11.0,0.0,d__Bacteria;p__Proteobacteria;c__Alphaproteobacteria;o__Pelagibacterales;f__Pelagibacteraceae;g__Pelagibacter;s__,0,0.0,0.0,92.46,11.72,30.57,21305.0,3.01,2.05,SYTO-9,
AG-910-M12,No drop,,15.35,253381,0,0,,,,,,,,,,,,,,,,,,,,,,,
AG-910-M13,1 cell,0.2,2.28,3642767,786552,29,78858.0,32.34,96.833,0.0,30.0,825.0,63.15,894.33,56.9,11.0,0.0,d__Bacteria;p__Actinobacteriota;c__Acidimicrobiia;o__Actinomarinales;f__Actinomarinaceae;g__Actinomarina;s__Actinomarina sp003213625,0,0.0,0.0,59.05,7.31,27.47,17864.0,7.07,1.28,SYTO-9,
AG-910-M14,1 cell,0.2,2.89,468230,376579,25,69360.0,29.4,96.761,1.0,7.0,398.0,69.1,876.34,31.48,11.0,0.0,d__Bacteria;p__Proteobacteria;c__Alphaproteobacteria;o__Pelagibacterales;f__Pelagibacteraceae;g__HIMB114;s__,0,0.0,0.0,29.86,3.11,18.87,15690.0,21.21,1.33,SYTO-9,
AG-910-M15,1 cell,0.46,15.35,326276,0,0,,,,,,,,,,,,,,,,11.08,2.32,2.09,9998.0,4.12,11.27,SYTO-9,
AG-910-M16,1 cell,0.3,2.15,4784362,779770,40,134681.0,33.23,97.083,0.0,29.0,807.0,75.22,907.84,61.25,11.0,0.0,d__Bacteria;p__Proteobacteria;c__Gammaproteobacteria;o__SAR86;f__AG-339-G14;g__AG-339-G14;s__AG-339-G14 sp902616715,0,0.0,0.0,155.97,23.78,36.03,21668.0,7.39,3.8,SYTO-9,
AG-910-M17,1 cell,0.29,15.35,279290,0,0,,,,,,,,,,,,,,,,26.34,6.99,34.54,14212.0,14.71,3.39,SYTO-9,
AG-910-M18,1 cell,0.32,3.71,580900,111887,18,20554.0,29.76,96.361,0.0,2.0,109.0,73.39,857.66,0.0,11.0,0.0,0,0,0.0,0.0,83.47,12.97,31.71,18808.0,5.95,4.46,SYTO-9,
AG-910-M19,1 cell,0.26,2.07,4583731,753510,24,113431.0,29.95,96.6,0.0,21.0,789.0,68.19,906.51,41.51,11.0,0.0,d__Bacteria;p__Proteobacteria;c__Alphaproteobacteria;o__Pelagibacterales;f__Pelagibacteraceae;g__Pelagibacter_A;s__Pelagibacter_A sp902535505,0,0.0,0.0,59.61,13.67,49.76,17564.0,2.37,2.61,SYTO-9,
AG-910-M20,1 cell,0.2,2.05,3416554,373461,8,129287.0,30.44,95.904,3.0,20.0,385.0,75.32,916.88,30.67,11.0,0.0,d__Bacteria;p__Proteobacteria;c__Alphaproteobacteria;o__Pelagibacterales;f__Pelagibacteraceae;g__CACCLK01;s__CACCLK01 sp902546795,k__Bacteria;p__Proteobacteria;c__Alphaproteobacteria;o__SAR11_clade;f__?;g__?;s__?,0.0,0.0,43.2,5.36,34.19,16520.0,16.37,1.35,SYTO-9,
AG-910-M21,1 cell,0.26,1.85,4182229,910570,23,206326.0,29.28,96.433,2.0,26.0,967.0,73.73,897.81,88.1,11.0,0.0,d__Bacteria;p__Proteobacteria;c__Alphaproteobacteria;o__Pelagibacterales;f__Pelagibacteraceae;g__GCA-002704185;s__GCA-002704185 sp003280495,k__Bacteria;p__Proteobacteria;c__Alphaproteobacteria;o__SAR11_clade;f__?;g__?;s__?,0.0,0.0,132.88,20.88,35.74,22638.0,5.48,2.65,SYTO-9,
AG-910-M22,1 cell,0.18,8.83,131331,5557,1,5557.0,65.09,87.295,0.0,0.0,4.0,50.0,1094.0,0.0,11.0,0.0,0,0,0.0,0.0,26.91,6.77,40.29,14022.0,18.57,1.03,SYTO-9,Assembly shorter than 20kb.
AG-910-M23,1 cell,0.31,1.89,2787950,1019154,32,105210.0,29.05,96.381,3.0,20.0,1077.0,68.8,891.82,84.34,11.0,0.0,d__Bacteria;p__Proteobacteria;c__Alphaproteobacteria;o__Pelagibacterales;f__Pelagibacteraceae;g__Pelagibacter;s__Pelagibacter sp902576815,k__Bacteria;p__Proteobacteria;c__Alphaproteobacteria;o__SAR11_clade;f__Surface_1;g__?;s__?,0.0,0.0,97.12,11.35,27.01,19682.0,20.42,4.08,SYTO-9,
AG-910-M24,No drop,,15.35,68438,0,0,,,,,,,,,,,,,,,,,,,,,,,
AG-910-N01,No drop,,15.35,97623,0,0,,,,,,,,,,,,,,,,,,,,,,,
AG-910-N02,1 cell,0.18,15.35,509038,0,0,,,,,,,,,,,,,,,,21.32,3.61,21.22,15624.0,4.81,1.03,SYTO-9,
AG-910-N03,1 cell,0.28,2.08,2552169,719554,38,175909.0,32.87,96.659,0.0,18.0,759.0,68.51,890.05,44.48,11.0,0.0,d__Bacteria;p__Proteobacteria;c__Gammaproteobacteria;o__SAR86;f__D2472;g__SAR86A;s__SAR86A sp000252525,0,0.0,0.0,148.15,17.15,28.49,21484.0,3.77,3.06,SYTO-9,
AG-910-N04,1 cell,0.4,3.29,128960,214674,25,27694.0,29.25,97.026,0.0,6.0,221.0,71.04,883.0,21.76,11.0,0.0,d__Bacteria;p__Proteobacteria;c__Alphaproteobacteria;o__Pelagibacterales;f__Pelagibacteraceae;g__Pelagibacter;s__Pelagibacter sp902589315,0,0.0,0.0,115.72,23.43,42.6,20535.0,9.02,8.01,SYTO-9,
AG-910-N05,1 cell,0.18,3.78,258394,24906,2,17534.0,31.89,90.934,0.0,0.0,52.0,0.0,429.5,0.0,11.0,0.0,0,0,0.0,0.0,22.77,2.24,6.33,13438.0,3.16,1.03,SYTO-9,
AG-910-N06,1 cell,0.64,2.06,2141810,847511,37,172768.0,31.02,89.201,0.0,16.0,1051.0,46.53,696.73,39.66,11.0,0.0,d__Bacteria;p__Cyanobacteria;c__Cyanobacteriia;o__PCC-6307;f__Cyanobiaceae;g__Prochlorococcus_A;s__,0,0.0,0.0,128.91,17.9,93.0,20391.0,7.59,26.05,SYTO-9,
AG-910-N07,1 cell,0.32,2.61,503822,331225,22,43687.0,29.96,96.189,0.0,2.0,355.0,63.94,860.81,16.98,11.0,0.0,d__Bacteria;p__Proteobacteria;c__Alphaproteobacteria;o__Pelagibacterales;f__Pelagibacteraceae;g__Pelagibacter;s__,0,0.0,0.0,47.63,6.33,35.08,17706.0,4.33,4.29,SYTO-9,
AG-910-N08,1 cell,0.21,3.39,488713,415410,34,61971.0,30.28,95.8,3.0,5.0,433.0,72.75,855.77,37.74,11.0,0.0,d__Bacteria;p__Proteobacteria;c__Alphaproteobacteria;o__Pelagibacterales;f__Pelagibacteraceae;g__GCA-2704625;s__,k__Bacteria;p__Proteobacteria;c__Alphaproteobacteria;o__SAR11_clade;f__?;g__?;s__?,0.0,0.0,30.09,6.51,7.15,13691.0,9.05,1.5,SYTO-9,
AG-910-N09,1 cell,0.18,10.12,568938,4279,1,4279.0,37.04,92.218,0.0,0.0,4.0,100.0,849.5,0.0,11.0,0.0,0,0,0.0,0.0,23.13,3.57,13.05,14824.0,3.34,1.03,SYTO-9,Assembly shorter than 20kb.
AG-910-N10,1 cell,0.31,3.31,445802,47384,5,15931.0,31.07,97.736,0.0,0.0,44.0,72.73,936.3,4.66,11.0,0.0,0,0,0.0,0.0,112.63,14.79,29.53,20216.0,5.48,3.99,SYTO-9,
AG-910-N11,1 cell,1.9,2.42,4347556,795334,55,90786.0,52.13,88.221,0.0,13.0,859.0,36.2,760.11,14.48,11.0,0.0,d__Bacteria;p__Cyanobacteria;c__Cyanobacteriia;o__PCC-6307;f__Cyanobiaceae;g__Synechococcus_E;s__Synechococcus_E sp002700765,0,0.0,0.0,532.95,279.52,817.13,27251.0,102.59,432.38,SYTO-9,
AG-910-N12,No drop,,10.82,273936,0,0,,,,,,,,,,,,,,,,,,,,,,,
AG-910-N13,1 cell,0.19,15.35,388313,6013,2,3677.0,63.33,95.792,0.0,0.0,6.0,66.67,698.5,0.0,11.0,0.0,0,0,0.0,0.0,27.96,5.37,39.48,14492.0,15.36,1.21,SYTO-9,Assembly shorter than 20kb.
AG-910-N14,1 cell,0.36,2.09,3129610,1030633,50,99386.0,28.64,96.446,3.0,25.0,1070.0,71.87,899.68,55.42,11.0,0.0,d__Bacteria;p__Proteobacteria;c__Alphaproteobacteria;o__HIMB59;f__GCA-002718135;g__AG-337-I02;s__AG-337-I02 sp902570155,k__Bacteria;p__Proteobacteria;c__Alphaproteobacteria;o__Rhodospirillales;f__Rhodospirillaceae;g__AEGEAN-169_marine_group;s__?,0.0,0.0,189.76,29.63,59.28,24322.0,7.79,5.9,SYTO-9,
AG-910-N15,1 cell,0.2,2.55,473037,404206,34,57059.0,30.74,96.878,1.0,4.0,438.0,73.74,865.78,32.08,11.0,0.0,d__Bacteria;p__Proteobacteria;c__Alphaproteobacteria;o__Pelagibacterales;f__Pelagibacteraceae;g__Pelagibacter_A;s__,0,0.0,0.0,38.59,4.77,11.34,17042.0,14.55,1.25,SYTO-9,
AG-910-N16,1 cell,0.19,15.35,343432,0,0,,,,,,,,,,,,,,,,12.15,3.15,5.41,9347.0,5.75,1.15,SYTO-9,
AG-910-N17,1 cell,0.32,5.5,625539,27225,8,4603.0,28.62,95.691,0.0,0.0,30.0,73.33,698.1,0.0,11.0,0.0,0,0,0.0,0.0,208.58,28.87,56.56,24440.0,9.68,4.28,SYTO-9,
AG-910-N18,1 cell,0.25,2.99,710295,231813,30,35787.0,29.96,95.722,0.0,7.0,254.0,69.29,810.11,13.69,11.0,1.0,d__Bacteria;p__Proteobacteria;c__Alphaproteobacteria;o__Pelagibacterales;f__Pelagibacteraceae;g__Pelagibacter_A;s__,0,0.0,0.0,208.02,28.28,36.06,24364.0,6.33,2.43,SYTO-9,
AG-910-N19,1 cell,0.33,2.72,852493,34229,2,25746.0,32.74,97.929,0.0,0.0,35.0,82.86,923.6,6.9,11.0,0.0,0,0,0.0,0.0,139.15,18.29,61.08,21839.0,4.99,4.94,SYTO-9,
AG-910-N20,1 cell,0.32,1.94,4122699,448926,26,105999.0,30.05,95.908,3.0,10.0,488.0,74.39,854.02,43.37,11.0,0.0,d__Bacteria;p__Proteobacteria;c__Alphaproteobacteria;o__Pelagibacterales;f__Pelagibacteraceae;g__GCA-2704625;s__GCA-2704625 sp902567495,k__Bacteria;p__Proteobacteria;c__Alphaproteobacteria;o__SAR11_clade;f__?;g__?;s__?,0.0,0.0,42.8,5.14,10.71,18324.0,12.78,4.28,SYTO-9,
AG-910-N21,1 cell,0.56,1.72,2679743,1383495,45,154737.0,36.84,93.567,0.0,18.0,1400.0,64.86,911.0,46.87,11.0,0.0,d__Bacteria;p__Proteobacteria;c__Alphaproteobacteria;o__Rhodobacterales;f__Rhodobacteraceae;g__CACIJG01;s__,0,0.0,0.0,293.69,45.92,131.4,25643.0,16.7,18.41,SYTO-9,
AG-910-N22,1 cell,0.18,15.69,129453,2960,1,2960.0,64.39,99.088,0.0,0.0,2.0,50.0,1278.5,0.0,11.0,0.0,0,0,0.0,0.0,25.16,5.15,30.63,13645.0,11.95,1.03,SYTO-9,Assembly shorter than 20kb.
AG-910-N23,1 cell,0.23,2.46,2790554,259038,31,27628.0,29.65,96.627,0.0,4.0,296.0,68.92,784.91,11.94,11.0,0.0,d__Bacteria;p__Proteobacteria;c__Alphaproteobacteria;o__Pelagibacterales;f__Pelagibacteraceae;g__Pelagibacter;s__,0,0.0,0.0,76.26,10.82,12.27,19009.0,2.57,1.86,SYTO-9,
AG-910-N24,No drop,,15.35,186026,0,0,,,,,,,,,,,,,,,,,,,,,,,
AG-910-O01,No drop,,15.35,137633,0,0,,,,,,,,,,,,,,,,,,,,,,,
AG-910-O02,1 cell,0.89,2.51,260820,30782,2,24052.0,29.38,96.43,0.0,0.0,33.0,63.64,894.36,0.0,11.0,0.0,0,0,0.0,0.0,356.85,67.64,166.55,26803.0,12.22,61.87,SYTO-9,
AG-910-O03,1 cell,0.23,2.04,2686772,929478,41,130895.0,29.66,96.169,3.0,27.0,983.0,71.52,883.69,78.28,11.0,0.0,d__Bacteria;p__Proteobacteria;c__Alphaproteobacteria;o__Pelagibacterales;f__Pelagibacteraceae;g__Pelagibacter;s__Pelagibacter sp003209915,k__Bacteria;p__Proteobacteria;c__Alphaproteobacteria;o__SAR11_clade;f__Surface_1;g__?;s__?,0.0,0.0,62.0,9.8,23.71,17506.0,16.7,1.9,SYTO-9,
AG-910-O04,1 cell,0.28,2.06,2622003,1003609,41,170242.0,31.36,95.865,3.0,28.0,1039.0,71.03,906.83,54.43,11.0,0.0,d__Bacteria;p__Proteobacteria;c__Gammaproteobacteria;o__SAR86;f__D2472;g__MED-G85;s__MED-G85 sp003331505,k__Bacteria;p__Proteobacteria;c__Gammaproteobacteria;o__Oceanospirillales;f__SAR86_clade;g__?;s__?,0.0,0.0,199.72,23.82,37.43,24098.0,7.12,3.15,SYTO-9,
AG-910-O05,1 cell,0.29,2.16,2914835,638668,29,165415.0,29.72,96.736,1.0,21.0,709.0,71.51,848.92,44.96,11.0,0.0,d__Bacteria;p__Proteobacteria;c__Alphaproteobacteria;o__Pelagibacterales;f__Pelagibacteraceae;g__Pelagibacter_A;s__,0,0.0,0.0,39.62,9.65,10.75,15196.0,17.23,3.55,SYTO-9,
AG-910-O06,1 cell,0.2,8.79,299924,5400,2,2911.0,29.3,96.574,0.0,0.0,6.0,83.33,762.5,0.0,11.0,0.0,0,0,0.0,0.0,67.39,8.7,49.63,17827.0,6.19,1.26,SYTO-9,Assembly shorter than 20kb.
AG-910-O07,1 cell,0.2,2.97,85223,187887,18,26272.0,30.46,96.423,0.0,4.0,189.0,65.61,897.63,15.09,11.0,0.0,0,0,0.0,0.0,67.5,12.54,38.74,20563.0,13.44,1.37,SYTO-9,
AG-910-O08,1 cell,0.18,15.35,17155,0,0,,,,,,,,,,,,,,,,15.09,4.69,20.44,12836.0,1.03,1.03,SYTO-9,
AG-910-O09,1 cell,0.21,2.06,2213196,635898,34,134810.0,31.54,96.183,0.0,9.0,684.0,67.4,864.8,21.7,11.0,0.0,d__Bacteria;p__Proteobacteria;c__Alphaproteobacteria;o__HIMB59;f__HIMB59;g__HIMB59;s__HIMB59 sp902615815,0,0.0,0.0,107.1,16.39,58.05,23900.0,7.27,1.43,SYTO-9,
AG-910-O10,1 cell,0.52,2.31,3146556,636873,33,88278.0,31.17,90.556,0.0,12.0,764.0,51.05,731.36,40.76,11.0,0.0,d__Bacteria;p__Cyanobacteria;c__Cyanobacteriia;o__PCC-6307;f__Cyanobiaceae;g__Prochlorococcus_A;s__,0,0.0,0.0,127.33,16.27,40.35,23229.0,7.2,15.22,SYTO-9,
AG-910-O11,1 cell,0.3,2.21,2921547,716645,38,156573.0,29.61,96.479,2.0,10.0,754.0,70.03,884.5,57.12,11.0,0.0,d__Bacteria;p__Proteobacteria;c__Alphaproteobacteria;o__Pelagibacterales;f__Pelagibacteraceae;g__Pelagibacter;s__Pelagibacter sp001704065,k__Bacteria;p__Proteobacteria;c__Alphaproteobacteria;o__SAR11_clade;f__Surface_1;g__?;s__?,0.0,0.0,142.0,24.25,38.73,22214.0,5.11,3.69,SYTO-9,
AG-910-O12,No drop,,15.35,252504,0,0,,,,,,,,,,,,,,,,,,,,,,,
AG-910-O13,1 cell,0.35,2.59,492145,192906,22,20422.0,31.72,96.476,0.0,2.0,211.0,71.09,816.25,13.21,11.0,0.0,0,0,0.0,0.0,181.57,27.95,66.68,22650.0,10.75,5.65,SYTO-9,
AG-910-O14,1 cell,0.19,15.35,391003,6787,2,3595.0,67.88,81.892,0.0,0.0,10.0,20.0,553.1,0.0,11.0,0.0,0,0,0.0,0.0,19.82,4.35,13.47,12974.0,7.3,1.2,SYTO-9,Assembly shorter than 20kb.
AG-910-O15,1 cell,0.34,2.13,3431868,933370,44,116707.0,29.52,96.435,3.0,19.0,943.0,69.25,925.43,51.26,11.0,0.0,d__Bacteria;p__Proteobacteria;c__Alphaproteobacteria;o__Pelagibacterales;f__Pelagibacteraceae;g__Pelagibacter;s__Pelagibacter sp902577285,k__Bacteria;p__Proteobacteria;c__Alphaproteobacteria;o__SAR11_clade;f__Surface_1;g__?;s__?,0.0,0.0,79.71,14.01,30.96,18960.0,6.15,5.02,SYTO-9,
AG-910-O16,1 cell,0.19,15.35,291849,0,0,,,,,,,,,,,,,,,,16.07,4.56,18.48,12415.0,5.75,1.09,SYTO-9,
AG-910-O17,1 cell,0.2,11.01,507617,0,0,,,,,,,,,,,,,,,,23.37,7.08,8.36,15934.0,14.45,1.35,SYTO-9,
AG-910-O18,1 cell,0.2,5.17,454168,16948,5,4539.0,31.21,95.846,0.0,0.0,19.0,73.68,600.89,0.0,11.0,0.0,0,0,0.0,0.0,141.24,17.3,69.2,21988.0,3.24,1.38,SYTO-9,Assembly shorter than 20kb.
AG-910-O19,1 cell,0.19,6.41,415499,0,0,,,,,,,,,,,,,,,,25.79,3.21,33.95,13473.0,8.11,1.24,SYTO-9,
AG-910-O20,1 cell,0.26,1.87,3094027,802803,25,116908.0,29.83,95.943,3.0,25.0,854.0,70.61,889.33,56.7,11.0,0.0,d__Bacteria;p__Proteobacteria;c__Alphaproteobacteria;o__Pelagibacterales;f__Pelagibacteraceae;g__Pelagibacter;s__Pelagibacter sp003209915,k__Bacteria;p__Proteobacteria;c__Alphaproteobacteria;o__SAR11_clade;f__Surface_1;g__?;s__?,0.0,0.0,82.23,12.45,29.09,18153.0,4.67,2.57,SYTO-9,
AG-910-O21,1 cell,0.22,2.8,586553,43796,7,14262.0,30.25,96.634,0.0,1.0,44.0,77.27,893.2,0.0,11.0,0.0,0,0,0.0,0.0,49.52,6.42,11.63,18227.0,6.99,1.62,SYTO-9,
AG-910-O22,1 cell,0.42,1.9,2916067,747372,40,90340.0,31.41,91.837,0.0,16.0,849.0,57.13,781.9,49.45,11.0,0.0,d__Bacteria;p__Cyanobacteria;c__Cyanobacteriia;o__PCC-6307;f__Cyanobiaceae;g__Prochlorococcus_A;s__Prochlorococcus_A sp000634215,0,0.0,0.0,240.73,32.14,78.23,25236.0,20.79,8.95,SYTO-9,
AG-910-O23,1 cell,0.37,2.45,4782349,853790,47,75884.0,30.37,96.552,0.0,21.0,766.0,60.05,1029.16,45.25,11.0,1.0,d__Bacteria;p__Bacteroidota;c__Bacteroidia;o__Flavobacteriales;f__Flavobacteriaceae;g__GCA-2862715;s__GCA-2862715 sp002862715,0,0.0,0.0,145.57,23.72,38.38,22165.0,2.09,6.32,SYTO-9,
AG-910-O24,No drop,,10.74,251228,0,0,,,,,,,,,,,,,,,,,,,,,,,
AG-910-P01,1 cell,0.35,2.22,2199174,674055,39,60670.0,29.4,97.09,1.0,13.0,711.0,69.9,886.3,56.56,11.0,0.0,d__Bacteria;p__Proteobacteria;c__Alphaproteobacteria;o__Pelagibacterales;f__Pelagibacteraceae;g__Pelagibacter;s__,0,0.0,0.0,73.63,14.85,78.97,17976.0,4.55,5.56,SYTO-9,
AG-910-P02,1 cell,0.24,2.72,114916,173856,17,24686.0,29.04,96.097,0.0,2.0,158.0,56.33,993.88,6.9,11.0,0.0,0,0,0.0,0.0,90.77,11.47,12.59,19707.0,4.51,2.04,SYTO-9,
AG-910-P03,1 cell,0.25,1.95,2577863,714977,34,101271.0,30.7,96.404,0.0,21.0,765.0,64.97,874.29,36.14,11.0,0.0,d__Bacteria;p__Proteobacteria;c__Alphaproteobacteria;o__HIMB59;f__HIMB59;g__HIMB59;s__HIMB59 sp902619375,0,0.0,0.0,108.46,13.92,40.93,25344.0,4.26,2.32,SYTO-9,
AG-910-P04,1 cell,0.35,2.18,2332752,1088902,59,84609.0,31.47,94.844,3.0,26.0,954.0,57.02,1037.0,48.9,11.0,0.0,d__Bacteria;p__Bacteroidota;c__Bacteroidia;o__Flavobacteriales;f__Flavobacteriaceae;g__TMED96;s__TMED96 sp902595825,k__Bacteria;p__Bacteroidetes;c__Flavobacteriia;o__Flavobacteriales;f__Flavobacteriaceae;g__NS5_marine_group;s__?,0.0,0.0,149.12,27.98,48.44,22339.0,19.24,5.6,SYTO-9,
AG-910-P05,1 cell,0.29,8.15,376234,4343,1,4343.0,34.29,99.609,0.0,0.0,6.0,0.0,665.0,0.0,11.0,0.0,0,0,0.0,0.0,18.52,4.8,25.04,14658.0,28.13,3.59,SYTO-9,Assembly shorter than 20kb.
AG-910-P06,1 cell,0.3,2.38,2066507,399292,25,77852.0,32.24,96.665,0.0,11.0,411.0,71.78,909.06,25.89,11.0,0.0,d__Bacteria;p__Proteobacteria;c__Gammaproteobacteria;o__SAR86;f__D2472;g__SAR86A;s__SAR86A sp902591925,0,0.0,0.0,137.27,18.13,61.45,23266.0,5.52,3.64,SYTO-9,
AG-910-P07,1 cell,0.75,2.41,2513655,681648,47,94650.0,31.32,91.243,0.0,13.0,767.0,55.28,775.57,38.06,11.0,0.0,d__Bacteria;p__Cyanobacteria;c__Cyanobacteriia;o__PCC-6307;f__Cyanobiaceae;g__Prochlorococcus_A;s__Prochlorococcus_A sp902520485,0,0.0,0.0,273.11,37.76,108.36,25955.0,17.1,39.21,SYTO-9,
AG-910-P08,1 cell,0.18,2.54,3001784,591018,25,81973.0,32.26,96.573,0.0,16.0,619.0,63.17,892.78,44.83,11.0,0.0,d__Bacteria;p__Actinobacteriota;c__Acidimicrobiia;o__Actinomarinales;f__Actinomarinaceae;g__Actinomarina;s__Actinomarina sp003213165,0,0.0,0.0,67.94,10.17,32.15,17848.0,6.02,1.03,SYTO-9,
AG-910-P09,1 cell,0.2,15.35,120268,5317,1,5317.0,60.9,88.076,0.0,0.0,2.0,0.0,2246.0,0.0,11.0,0.0,0,0,0.0,0.0,16.73,3.06,15.94,11831.0,6.44,1.29,SYTO-9,Assembly shorter than 20kb.
AG-910-P10,1 cell,0.18,9.27,199880,0,0,,,,,,,,,,,,,,,,27.35,3.57,24.62,12785.0,11.9,1.03,SYTO-9,
AG-910-P11,1 cell,0.18,15.35,241,0,0,,,,,,,,,,,,,,,,10.86,2.61,3.15,10900.0,1.03,1.03,SYTO-9,
AG-910-P12,No drop,,16.25,186275,0,0,,,,,,,,,,,,,,,,,,,,,,,
AG-910-P13,1 cell,0.29,2.42,3502173,939837,70,99836.0,29.17,95.439,0.0,18.0,965.0,66.01,890.13,43.07,11.0,0.0,d__Bacteria;p__Proteobacteria;c__Alphaproteobacteria;o__Puniceispirillales;f__AAA536-G10;g__TMED54;s__,0,0.0,0.0,160.71,25.36,47.01,22084.0,9.94,3.35,SYTO-9,
AG-910-P14,1 cell,0.56,15.35,2414,0,0,,,,,,,,,,,,,,,,20.97,5.67,33.44,14236.0,165.25,18.44,SYTO-9,
AG-910-P15,1 cell,1.82,7.6,596449,0,0,,,,,,,,,,,,,,,,145.0,17.29,48.29,22040.0,43.02,387.11,SYTO-9,
AG-910-P16,1 cell,0.18,10.12,246636,0,0,,,,,,,,,,,,,,,,18.74,1.5,5.98,12148.0,4.23,1.03,SYTO-9,
AG-910-P17,1 cell,0.28,2.04,3348772,722365,36,75815.0,29.59,96.854,0.0,14.0,719.0,69.4,936.11,50.66,11.0,0.0,d__Bacteria;p__Proteobacteria;c__Alphaproteobacteria;o__Pelagibacterales;f__Pelagibacteraceae;g__Pelagibacter;s__Pelagibacter sp902594705,0,0.0,0.0,88.08,11.37,27.96,19700.0,7.14,3.2,SYTO-9,
AG-910-P18,1 cell,0.49,14.93,396153,0,0,,,,,,,,,,,,,,,,34.56,4.5,18.81,15472.0,50.03,13.54,SYTO-9,
AG-910-P19,1 cell,0.23,2.46,3746824,421289,27,51635.0,29.4,96.63,0.0,7.0,440.0,74.32,878.31,32.93,11.0,0.0,d__Bacteria;p__Proteobacteria;c__Alphaproteobacteria;o__Pelagibacterales;f__Pelagibacteraceae;g__Pelagibacter_A;s__,0,0.0,0.0,137.13,21.19,58.46,21909.0,4.02,1.87,SYTO-9,
AG-910-P20,1 cell,0.19,2.62,328328,128406,32,11562.0,46.49,40.602,0.0,0.0,134.0,0.0,365.49,0.0,11.0,0.0,0,0,0.0,0.0,50.15,5.8,13.24,17459.0,2.04,1.14,SYTO-9,
AG-910-P21,1 cell,0.18,7.75,270373,0,0,,,,,,,,,,,,,,,,9.75,2.06,1.03,8581.0,1.08,1.03,SYTO-9,
AG-910-P22,1 cell,0.18,15.18,66744,0,0,,,,,,,,,,,,,,,,27.3,4.96,43.81,14846.0,8.27,1.03,SYTO-9,
AG-910-P23,1 cell,0.19,15.35,529358,0,0,,,,,,,,,,,,,,,,12.68,3.34,4.7,9784.0,7.49,1.2,SYTO-9,
AG-910-P24,No drop,,10.97,68509,0,0,,,,,,,,,,,,,,,,,,,,,,,
